upc,descrip,price,q,sales,volsales,unit,descrip1,descrip2,descrip3,descrip4,descrip5,descrip6
294,BEER LIMIT,.26994327,9284.9121,2463.6699,3296144.016,Oz,BEER,LIMIT,,,,
307,HEINEKEN KINGSIZE CA,.45596623,107.88081,49.189999,38297.68311,Oz,HEINEKEN,KINGSIZE,CA,,,
710,BUDWEISER BEER,.50495952,215.92819,107.91,76654.51171999999,Oz,BUDWEISER,BEER,,,,
711,BUDWEISER DRY BEER,.49974945,167.94415,81.93,59620.17578,Oz,BUDWEISER,DRY,BEER,,,
712,BUDWEISER LIGHT BEER,.45806894,23.992022,10.99,8517.167969,Oz,BUDWEISER,LIGHT,BEER,,,
720,COORS BEER,.46848905,95.968086,44.959999,34068.67188,Oz,COORS,BEER,,,,
721,COORS EXTRA GOLD BEE,.54143,23.992022,12.99,8517.167969,Oz,COORS,EXTRA,GOLD,BEE,,
723,KEYSTONE REGULAR BEE,.37470788,23.992022,8.9899998,8517.167969,Oz,KEYSTONE,REGULAR,BEE,,,
731,MILLER HIGH LIFE PAR,.43314397,29.990028,12.99,10646.45996,Oz,MILLER,HIGH,LIFE,PAR,,
732,MILLER LITE BEER,.45806894,23.992022,10.99,8517.167969,Oz,MILLER,LITE,BEER,,,
735,MILWAUKEE'S BEST BEE,.32781729,95.968086,31.459999,34068.67188,Oz,MILWAUKEE'S,BEST,BEE,,,
740,OLD MILWAUKEE BEER,.39554814,23.992022,9.4899998,8517.167969,Oz,OLD,MILWAUKEE,BEER,,,
750,OLD STYLE BEER,.46185806,263.91223,121.89,93688.84766,Oz,OLD,STYLE,BEER,,,
757,OLD STYLE 30PK CANS,.36994347,2189.2722,749.66998,777191.5820000001,Oz,OLD,STYLE,30PK,CANS,,
772,STROHS LIGHT BEER,.38312736,59.980057,22.980001,21292.91992,Oz,STROHS,LIGHT,BEER,,,
245006405,TOSELLI NON-ALCOHOLI,2.8352666,31.69014,89.849998,11250,ML,TOSELLI,NON-ALCOHOLI,,,,
272500010,MURPHYS IRSH DRAUGHT,1.4134876,12.670787,17.91,4498.129303,Oz,MURPHYS,IRSH,DRAUGHT,,,
272500017,MURPHYS IRSH AMBER (,1.0820264,11.996011,12.98,4258.583984,Oz,MURPHYS,IRSH,AMBER,(,,
943922532,FULLERS EXTRA BEST S,1.2810328,1421.5273,1814.13,504642.2021,Oz,FULLERS,EXTRA,BEST,S,,
948700005,AMSTEL LIGHT BIER,1.1059232,1632.0574,1804.9301,579380.3506,Oz,AMSTEL,LIGHT,BIER,,,
1035700155,O.B. KOREAN IMPORTED,.83194321,1259.5812,1047.9,447151.3193,Oz,O.B.,KOREAN,IMPORTED,,,
1497450009,WOODCHUCK DRAFT CIDE,1.1653874,5038.3247,5871.5996,1788605.273,Oz,WOODCHUCK,DRAFT,CIDE,,,
1497460009,WOODCHUCK DARK & DRY,.99866527,173.94215,173.70999,61749.46777,Oz,WOODCHUCK,DARK,&,DRY,,
1604110011,GRANTS SCOTTISH ALE,1.3916531,47.984043,66.919998,17034.33594,Oz,GRANTS,SCOTTISH,ALE,,,
1820000008,BUDWEISER BEER N.R.B,.67839032,124857.15,84417.703,44324287.79,Oz,BUDWEISER,BEER,N.R.B,,,
1820000016,BUDWEISER BEER,.63250071,911570.88,571693.81,323607668.5,Oz,BUDWEISER,BEER,,,,
1820000018,BUDWEISER BEER,.61563581,31669.469,19359,11242661.43,Oz,BUDWEISER,BEER,,,,
1820000019,MICHELOB REGULAR BEE,.69069856,2621.1284,1797.6299,930500.6006,Oz,MICHELOB,REGULAR,BEE,,,
1820000031,BUSCH LIGHT BEER,.48182681,5.9980054,2.8899999,2129.291992,Oz,BUSCH,LIGHT,BEER,,,
1820000051,BUSCH BEER,.4599894,256660.66,114899.26,91114533.88,Oz,BUSCH,BEER,,,,
1820000106,BUDWEISER LIGHT BEER,.63219714,280658.69,176377.17,99633831.09,Oz,BUDWEISER,LIGHT,BEER,,,
1820000117,BUDWEISER LIGHT BEER,.66941786,9103.6396,6130.27,3231792.01,Oz,BUDWEISER,LIGHT,BEER,,,
1820000126,BUDWEISER BEER N.R.B,.57753026,4828.394,2817.99,1714079.98,Oz,BUDWEISER,BEER,N.R.B,,,
1820000157,O'DOUL'S NON-ALCH CA,.6495204,79455.578,50666.18,28206731.07,Oz,O'DOUL'S,NON-ALCH,CA,,,
1820000182,MICHELOB DRY CANS,.68189329,1055.6489,717.13995,374755.3906,Oz,MICHELOB,DRY,CANS,,,
1820000188,BUSCH LIGHT BEER,.45802721,90893.773,40745.539,32267290.89,Oz,BUSCH,LIGHT,BEER,,,
1820000202,BUDWEISER DRY BEER,.61795163,34452.543,21233.199,12230653.2,Oz,BUDWEISER,DRY,BEER,,,
1820000489,"BUDWEISER ""ICE"" DRAF",.66428822,8163.2856,5421.9297,2897966.402,Oz,BUDWEISER,"""ICE""",DRAF,,,
1820000610,ELEPHANT RED ALE,1.0820264,65.978058,71.389999,23422.21191,Oz,ELEPHANT,RED,ALE,,,
1820000613,RED WOLF LAGER LNNR,.62146777,82232.656,49958.871,29192593.24,Oz,RED,WOLF,LAGER,LNNR,,
1820000617,RED WOLF LAGER LNNR,.63399255,107718.18,66944.641,38239955.02,Oz,RED,WOLF,LAGER,LNNR,,
1820000618,ELK MOUNTAIN RED LAG,.92453551,1277.5752,1178.37,453539.1943,Oz,ELK,MOUNTAIN,RED,LAG,,
1820000622,ELK MOUNTAIN AMBER A,.88064361,347.88431,301.22,123498.9355,Oz,ELK,MOUNTAIN,AMBER,A,,
1820000637,BUDWEISER LIGHT CUBE,.47661677,263.91223,124.85,93688.84766,Oz,BUDWEISER,LIGHT,CUBE,,,
1820000644,BUDWEISER ICE DRAFT,.59032804,163589.61,89740.258,58074309.91,Oz,BUDWEISER,ICE,DRAFT,,,
1820000646,"BUDWEISER ""ICE"" DRAF",.63118345,77182.336,47539.668,27399729.42,Oz,BUDWEISER,"""ICE""",DRAF,,,
1820000647,"BUDWEISER ""ICE"" DRAF",.62789494,10520.502,6607.73,3734778.152,Oz,BUDWEISER,"""ICE""",DRAF,,,
1820000649,ICE DRAFT LIGHT,.59211248,7425.5308,3614.6799,2636063.48,Oz,ICE,DRAFT,LIGHT,,,
1820000651,ICE DRAFT LIGHT,.66426837,4276.5781,2840.8699,1518185.19,Oz,ICE,DRAFT,LIGHT,,,
1820000670,MICHELOB GOLDEN DRAF,.64767319,73691.492,45029.066,26160481.46,Oz,MICHELOB,GOLDEN,DRAF,,,
1820000695,MICHELOB GOLDEN DRAF,.59442002,357241.22,195674.2,126820631.3,Oz,MICHELOB,GOLDEN,DRAF,,,
1820000696,MICHELOB GOLDEN DRAF,.66714483,1319.5612,879.59998,468444.2383,Oz,MICHELOB,GOLDEN,DRAF,,,
1820000699,MICHELOB GOLDEN DRAF,.59719342,577691.94,312898.63,205080629.3,Oz,MICHELOB,GOLDEN,DRAF,,,
1820000700,MICHELOB GOLDEN DRAF,.64712238,8943.0264,5618.6597,3174774.364,Oz,MICHELOB,GOLDEN,DRAF,,,
1820000701,MICHELOB GOLDEN DRAF,.49377525,863.71283,429.38,306618.043,Oz,MICHELOB,GOLDEN,DRAF,,,
1820000759,MICHELOB GOLDEN DRFT,.64959812,115815.49,70220.867,41114499.13,Oz,MICHELOB,GOLDEN,DRFT,,,
1820000769,BUDWEISER LIGHT LONG,.57026732,8565.1514,4815.9497,3040628.965,Oz,BUDWEISER,LIGHT,LONG,,,
1820000770,MICHELOB DRY LONGNEC,.61448854,13663.456,8094.1099,4850527.166,Oz,MICHELOB,DRY,LONGNEC,,,
1820000771,BUDWEISER BEER LONG,.57558775,17406.213,9874.3096,6179205.371,Oz,BUDWEISER,BEER,LONG,,,
1820000773,BUDWEISER LIGHT BEER,.64092731,405.86502,260.12997,144082.0881,Oz,BUDWEISER,LIGHT,BEER,,,
1820000774,BUDWEISER BEER,.63437462,10113.97,6409.9194,3590459.382,Oz,BUDWEISER,BEER,,,,
1820000780,BUDWEISER DRY LONGNE,.60505885,85627.523,50066.539,30397772.52,Oz,BUDWEISER,DRY,LONGNE,,,
1820000781,BUDWEISER DRY BEER,.57800156,81524.891,46300.578,28941336.77,Oz,BUDWEISER,DRY,BEER,,,
1820000784,O'DOUL'S N/A LONGNEC,.63124526,1150939.3,697065.88,408583453.8,Oz,O'DOUL'S,N/A,LONGNEC,,,
1820000800,MICHELOB DRY LONGNEC,.67569119,58330.602,38404.73,20707364.64,Oz,MICHELOB,DRY,LONGNEC,,,
1820000801,BUSCH LIGHT BEER,.44833463,58396.582,25830.16,20730786.87,Oz,BUSCH,LIGHT,BEER,,,
1820000814,MICHELOB DRY LONGNEC,.61613512,56153.328,33415.969,19934431.67,Oz,MICHELOB,DRY,LONGNEC,,,
1820000830,BUDWEISER LIGHT LONG,.61603808,11.996011,7.3899994,4258.583984,Oz,BUDWEISER,LIGHT,LONG,,,
1820000833,BUDWEISER LIGHT LONG,.61907113,429733.09,256296.73,152555254.4,Oz,BUDWEISER,LIGHT,LONG,,,
1820000834,BUDWEISER BEER LONG,.62164909,837099.63,499436.84,297170379.1,Oz,BUDWEISER,BEER,LONG,,,
1820000846,CARLSBERG BEER,1.0820264,3988.6736,4315.8501,1415979.175,Oz,CARLSBERG,BEER,,,,
1820000847,ELEPHANT BEER,1.0820264,5.9980054,6.4899998,2129.291992,Oz,ELEPHANT,BEER,,,,
1820000869,MICHELOB CLASSIC DAR,.65006536,69318.953,43204.32,24608227.58,Oz,MICHELOB,CLASSIC,DAR,,,
1820000875,WINTER BREW,.96915251,2597.1365,2505.46,921983.4336,Oz,WINTER,BREW,,,,
1820000877,BUDWEISER LIGHT NR,.59777409,383824.38,215390.59,136257653.5,Oz,BUDWEISER,LIGHT,NR,,,
1820000884,MICHELOB LIGHT BEER,.64515579,119552.24,70965.844,42441048.09,Oz,MICHELOB,LIGHT,BEER,,,
1820000885,BUDWEISER LIGHT BEER,.64092731,149.28369,95.679993,52995.71021,Oz,BUDWEISER,LIGHT,BEER,,,
1820000891,MICHELOB REGULAR BEE,.65884095,395640.44,238759.77,140452358.7,Oz,MICHELOB,REGULAR,BEE,,,
1820000902,BUDWEISER LIGHT BEER,.65093452,9140.9609,5933.7598,3245040.998,Oz,BUDWEISER,LIGHT,BEER,,,
1820000926,BUDWEISER BEER N.R.B,.59896785,806467.81,450085.69,286296084.9,Oz,BUDWEISER,BEER,N.R.B,,,
1820000928,BUDWEISER BEER LONG,.61187005,23.992022,14.679999,8517.167969,Oz,BUDWEISER,BEER,LONG,,,
1820000956,MICHELOB LIGHT BEER,.66535807,246805.94,155565.39,87616107.02,Oz,MICHELOB,LIGHT,BEER,,,
1820000972,BUDWEISER BEER,.60773921,17517.508,10600.669,6218715.4,Oz,BUDWEISER,BEER,,,,
1820000987,MICHELOB REGULAR BEE,.67182136,736549.06,466412.88,261474928,Oz,MICHELOB,REGULAR,BEE,,,
1820000988,MICHELOB REGULAR BEE,.96375942,4513.4995,4353.3003,1602292.286,Oz,MICHELOB,REGULAR,BEE,,,
1820000997,BUDWEISER BEER N.R.B,.64943641,25143.639,16209.939,8925992.059,Oz,BUDWEISER,BEER,N.R.B,,,
1820011047,BUDWEISER BEER,.593876,1408199.8,812002.31,499910916.8,Oz,BUDWEISER,BEER,,,,
1820011168,BUDWEISER BEER,.47643793,4563642.5,2132987.5,1620093108,Oz,BUDWEISER,BEER,,,,
1820015168,NATURAL LIGHT,.34240547,9860.7207,3181.77,3500556.035,Oz,NATURAL,LIGHT,,,,
1820023920,BUDWEISER DRAFT BALL,.44757521,11609.586,5146.8901,4121402.832,GA,BUDWEISER,DRAFT,BALL,,,
1820029031,BUDWEISER DRY BEER,.4873319,9380.8809,4531.7998,3330212.68,Oz,BUDWEISER,DRY,BEER,,,
1820029167,BUDWEISER DRY BEER,.46422112,193231.75,88503.828,68597270.88,Oz,BUDWEISER,DRY,BEER,,,
1820041047,MICHELOB REGULAR BEE,.66020864,3214.9309,2123.3201,1141300.508,Oz,MICHELOB,REGULAR,BEE,,,
1820041218,MICHELOB,.53312141,7953.3555,4196.52,2823441.206,Oz,MICHELOB,,,,,
1820043218,MICHELOB LIGHT,.52679348,2105.3,1092.83,747381.5,Oz,MICHELOB,LIGHT,,,,
1820043273,MICHELOB LIGHT BEER,.49933264,59.980053,29.949999,21292.91992,Oz,MICHELOB,LIGHT,BEER,,,
1820053047,BUDWEISER LIGHT BEER,.59171367,662383.75,380935.72,235146232.4,Oz,BUDWEISER,LIGHT,BEER,,,
1820053168,BUDWEISER LIGHT BEER,.47562671,1878335.4,878861.13,666809082.1,Oz,BUDWEISER,LIGHT,BEER,,,
1820053178,BUDWEISER LIGHT BEER,.47450069,2039.3219,968.15002,723959.2773,Oz,BUDWEISER,LIGHT,BEER,,,
1820057920,BUDWEISER LT DRAFT B,.44776958,8583.3906,3840.4399,3047103.516,GA,BUDWEISER,LT,DRAFT,B,,
1820061047,BUSCH BEER,.4499132,151173.73,66990.32,53666675.46,Oz,BUSCH,BEER,,,,
1820061166,BUSCH BEER,.35081553,26007.352,9007.2402,9232610.117000001,Oz,BUSCH,BEER,,,,
1820061168,BUSCH BEER,.35071188,1397967.1,478421.97,496278344.5,Oz,BUSCH,BEER,,,,
1820079047,O'DOUL'S NON ALCOHOL,.58091247,208286.73,116901.55,73941793.84,Oz,O'DOUL'S,NON,ALCOHOL,,,
1820079283,O'DOUL'S N/A LONGNEC,.56761187,3208.9329,1805.99,1139171.216,Oz,O'DOUL'S,N/A,LONGNEC,,,
1820084167,ICE DRAFT LIGHT,.51008362,12235.931,6225.8599,4343755.668,Oz,ICE,DRAFT,LIGHT,,,
1820086167,BUSCH LIGHT BEER,.35039827,801237.56,274451.53,284439342.2,Oz,BUSCH,LIGHT,BEER,,,
1820087167,BUD ICE,.48191705,127493.6,60892.352,45260230.63,Oz,BUD,ICE,,,,
1820092867,MICHELOB GOLDEN DRAF,.47626939,1219490.5,567465.44,432919131.8,Oz,MICHELOB,GOLDEN,DRAF,,,
1820092876,MICHELOB GOLDEN DRAF,.49780485,19433.537,9581.7197,6898906.07,Oz,MICHELOB,GOLDEN,DRAF,,,
1820096867,MICHELOB GOLDEN DRAF,.47567448,831707.44,388944,295256145.4,Oz,MICHELOB,GOLDEN,DRAF,,,
1969380011,GUINESS STOUT GIFT B,1.2587838,2111.2979,2647.3601,749510.7632,Oz,GUINESS,STOUT,GIFT,B,,
1975120103,MORETTI N.R. BTLS,1.1903957,29.990026,35.549999,10646.45996,Oz,MORETTI,N.R.,BTLS,,,
1975120104,MORETTI N.R. BTLS,1.1297166,677.7746,763.96997,240609.9951,Oz,MORETTI,N.R.,BTLS,,,
2017224253,CHERRY RAIL BEER,1.1653874,5.9980054,6.9899998,2129.291992,Oz,CHERRY,RAIL,BEER,,,
2124222010,RED HOOK DOUBLE BLAC,1.4677606,194.26874,285.14001,68965.40277,Oz,RED,HOOK,DOUBLE,BLAC,,
2124260002,BLACKHOOK PORTER N.R,1.0820264,1529.4913,1654.95,542969.458,Oz,BLACKHOOK,PORTER,N.R,,,
2124260003,BALLARD BITTER N.R.,1.0820264,1121.627,1213.63,398177.6025,Oz,BALLARD,BITTER,N.R.,,,
2124260006,RED HOOK ESB N.R.,1.1153073,13843.396,15193.899,4914405.921,Oz,RED,HOOK,ESB,N.R.,,
2124260007,WHEAT HOOK N.R.,1.1653874,905.69879,1055.49,321523.0908,Oz,WHEAT,HOOK,N.R.,,,
2124260011,WHEAT HOOK N.R.,1.1653874,1175.609,1370.0399,417341.2305,Oz,WHEAT,HOOK,N.R.,,,
2129697503,ST REGIS NON-ALCHL C,2.9968193,4584.5073,13222.18,1627500,ML,ST,REGIS,NON-ALCHL,C,,
2129697506,ST REGIS NON-ALCH WH,2.7871728,2002.817,5554.21,711000,ML,ST,REGIS,NON-ALCH,WH,,
2129697507,ST REGIS NON-ALCH CH,2.7006323,1652.1127,4461.98,586500,ML,ST,REGIS,NON-ALCH,CH,,
2129697508,ST REGIS NON-ALCHL C,2.8007619,1823.2395,5095.0703,647250,ML,ST,REGIS,NON-ALCHL,C,,
2210000047,PABST LIGHT BEER,.48516124,713.76263,345.32999,253385.7471,Oz,PABST,LIGHT,BEER,,,
2210000071,PABST BEER,.48553175,4012.6658,1946.9299,1424496.343,Oz,PABST,BEER,,,,
2210000170,PABST BEER,.47502881,1511.4973,717.84003,536581.5820000001,Oz,PABST,BEER,,,,
2210000171,PABST BLUE RIBBON,.3328335,17586.152,5852.6699,6243084.141,Oz,PABST,BLUE,RIBBON,,,
2210000230,BIG BEAR MALT LIQUOR,.42218581,3742.0889,1583.75,1328441.552,Oz,BIG,BEAR,MALT,LIQUOR,,
2210000392,OLD ENGLISH MALT LIQ,.56343734,4135.2915,2336.3401,1468028.471,Oz,OLD,ENGLISH,MALT,LIQ,,
2210000600,HAMMS BEER,.48194066,14311.241,6898.3198,5080490.693,Oz,HAMMS,BEER,,,,
2210000640,HAMMS DRAFT BEER,.48014355,2099.302,1008.84,745252.1973,Oz,HAMMS,DRAFT,BEER,,,
2210000700,HAMMS LIGHT BEER,.48182681,1001.6669,482.62997,355591.7627,Oz,HAMMS,LIGHT,BEER,,,
2210009510,PABST GENUINE DRAFT,.33293805,1727.4255,574.85999,613236.0938,Oz,PABST,GENUINE,DRAFT,,,
2210014392,OLD ENGLISH BEER 800,.47810385,13545.495,6474.9502,4808650.88,Oz,OLD,ENGLISH,BEER,800,,
2210018500,HAMMS BEER,.45381752,851.7168,372.09,302359.4629,Oz,HAMMS,BEER,,,,
2210018510,HAMMS BEER,.33161864,223749.59,71853.07,79431108.45,Oz,HAMMS,BEER,,,,
2210018570,HAMMS DRAFT BEER,.40496793,347.88431,136.97,123498.9375,Oz,HAMMS,DRAFT,BEER,,,
2210018580,HAMMS DRAFT BEER,.33051899,163409.66,52836.898,58010431.07,Oz,HAMMS,DRAFT,BEER,,,
2210021500,HAMMS LIGHT BEER,.46598822,95.968086,44.719997,34068.67188,Oz,HAMMS,LIGHT,BEER,,,
2210021510,HAMMS LIGHT BEER,.32963181,72791.797,23362.029,25841087.66,Oz,HAMMS,LIGHT,BEER,,,
2210047510,PABST LIGHT,.31635517,1559.4814,493.35001,553615.9179999999,Oz,PABST,LIGHT,,,,
2556924161,SUMMIT EXTRA PALE AL,1.0080847,1421.5273,1424.13,504642.2021,Oz,SUMMIT,EXTRA,PALE,AL,,
2556971416,SUMMIT PORTER - UNIO,1.1520497,161.94615,184.73,57490.88379,Oz,SUMMIT,PORTER,-,UNIO,,
2791610005,PIKE PLACE PALE ALE,1.1653874,5.9980054,6.9899998,2129.291992,Oz,PIKE,PLACE,PALE,ALE,,
2981520001,ZYWIEC POLISH BEER N,.99333912,22156.633,21819.689,7865604.606,Oz,ZYWIEC,POLISH,BEER,N,,
2981520002,OKOCIM POLISH BEER N,.99750668,31729.449,31627.6,11263954.67,Oz,OKOCIM,POLISH,BEER,N,,
3354494405,TSINGTAO BEER,1.0691065,8973.0166,9460.5596,3185420.823,Oz,TSINGTAO,BEER,,,,
3410000004,MILLER HIGH LIFE BEE,.62108868,208544.66,128875.73,74033353.39,Oz,MILLER,HIGH,LIFE,BEE,,
3410000007,MILLER HIGH LIFE BEE,.53243238,48167.98,22861.299,17099633.74,Oz,MILLER,HIGH,LIFE,BEE,,
3410000008,MILLER HIGH LIFE N.R,.66314441,13870.055,8772.6396,4923869.364,Oz,MILLER,HIGH,LIFE,N.R,,
3410000031,MILLER HIGH LIFE N.R,.68124354,90628.531,56662.949,32173128.38,Oz,MILLER,HIGH,LIFE,N.R,,
3410000091,MAGNUM MALT LIQUOR,.36612171,15258.259,5297.0698,5416681.997,Oz,MAGNUM,MALT,LIQUOR,,,
3410000104,MEISTER BRAU BEER,.38303834,234869.91,84104.375,83378816.06,Oz,MEISTER,BRAU,BEER,,,
3410000129,MILLER RED DOG CANS,.66460901,11870.053,7883.7495,4213868.854,Oz,MILLER,RED,DOG,CANS,,
3410000144,RED DOG 22OZ NR,.85619366,186.93785,158.18001,66362.93541999999,Oz,RED,DOG,22OZ,NR,,
3410000154,MILWAUKEE'S BEST BEE,.38682383,470321.63,174306.41,166964173.4,Oz,MILWAUKEE'S,BEST,BEE,,,
3410000304,MILLER SHARP'S N/A C,.51312816,85555.547,43933.578,30372221.01,Oz,MILLER,SHARP'S,N/A,C,,
3410000354,MILLER LITE BEER,.63286161,1302167,816713.31,462269292.7,Oz,MILLER,LITE,BEER,,,
3410000357,MILLER LITE BEER,.61262196,30861.736,18633.559,10955916.79,Oz,MILLER,LITE,BEER,,,
3410000358,MILLER LITE BEER N.R,.67511779,14357.893,9490.0098,5097051.764,Oz,MILLER,LITE,BEER,N.R,,
3410000359,MILLER LITE 40OZ NR,.59716493,7054.3208,4212.23,2504283.872,Oz,MILLER,LITE,40OZ,NR,,
3410000369,MILLER LITE 22OZ NR,.8675611,179.60695,155.82001,63760.46704,Oz,MILLER,LITE,22OZ,NR,,
3410000382,MILLER LITE BEER N.R,.69234782,125803.5,86293.719,44660242.73,Oz,MILLER,LITE,BEER,N.R,,
3410000544,LEINENKUGEL RED,1.0794334,758.74774,810.02002,269355.4412,Oz,LEINENKUGEL,RED,,,,
3410000554,MILLER GENUINE DRAFT,.63338858,779116.94,490218.25,276586513.4,Oz,MILLER,GENUINE,DRAFT,,,
3410000559,MILLER GENUINE DRAFT,.59719855,17590.816,10505.21,6244739.959,Oz,MILLER,GENUINE,DRAFT,,,
3410000569,MILLER GENUINE DRAFT,.8675611,471.01004,408.63,167208.5693,Oz,MILLER,GENUINE,DRAFT,,,
3410000581,MILLER GENUINE DRAFT,.71358973,67156.336,47931.211,23840499.16,Oz,MILLER,GENUINE,DRAFT,,,
3410000654,MILWAUKEE'S BEST LIG,.38607368,210152.13,78267.477,74604003.70999999,Oz,MILWAUKEE'S,BEST,LIG,,,
3410000769,LEINENKUGEL LIMITED,1.0749701,232.75595,249.17999,82628.36005,Oz,LEINENKUGEL,LIMITED,,,,
3410000879,ICEHOUSE CAN,.6559577,9974.6826,6535.27,3541012.587,Oz,ICEHOUSE,CAN,,,,
3410000894,ICEHOUSE 22OX NR,.8675611,27.49086,23.85,9759.255249,Oz,ICEHOUSE,22OX,NR,,,
3410000904,MILLER GENUINE DRAFT,.63240904,298634.69,187796.44,106015319.2,Oz,MILLER,GENUINE,DRAFT,,,
3410001225,MILLER HIGH LIFE N.R,.53295493,263.91223,134.86,93688.84862999999,Oz,MILLER,HIGH,LIFE,N.R,,
3410001306,MILLER HIGH LIFE BEE,.46788734,959153.06,436821.84,340499341.9,Oz,MILLER,HIGH,LIFE,BEE,,
3410001341,MILLER HIGH LIFE PAR,.38567725,1743230.4,655746.69,618846778.2,Oz,MILLER,HIGH,LIFE,PAR,,
3410001347,MILLER HIGH LIFE PAR,.39238968,269.91025,105.91,95818.13965,Oz,MILLER,HIGH,LIFE,PAR,,
3410001505,MILLER HIGH LIFE LNN,.60861945,569906.5,324082.25,202316808.4,Oz,MILLER,HIGH,LIFE,LNN,,
3410001518,MILLER REG BEER,.64092731,51.316269,32.889996,18217.27612,Oz,MILLER,REG,BEER,,,
3410001525,MILLER HIGH LIFE N.R,.61448532,305508.41,173938.72,108455487.9,Oz,MILLER,HIGH,LIFE,N.R,,
3410001528,MILLER HIGH LIFE N.R,.56639606,633461.38,339855.56,224878786.4,Oz,MILLER,HIGH,LIFE,N.R,,
3410001579,MILLER HIGH LIFE NR,.8289389,38917.563,31851.971,13815734.19,Oz,MILLER,HIGH,LIFE,NR,,
3410001602,MILLER HIGH LIFE BEE,.57428598,414066.31,226711.42,146993543.6,Oz,MILLER,HIGH,LIFE,BEE,,
3410007306,MILWAUKEE'S BEST LIG,.31915849,431664.47,135636.77,153240886.4,Oz,MILWAUKEE'S,BEST,LIG,,,
3410007602,MILWAUKEE'S BEST LIG,.3581363,95272.32,33950.688,33821674.04,Oz,MILWAUKEE'S,BEST,LIG,,,
3410010505,MILLER SHARP'S N/A L,.55772424,1183496.5,654803.81,420141250.5,Oz,MILLER,SHARP'S,N/A,L,,
3410010602,SHARPS NON-ALCOHOLIC,.48041898,303607.03,142090.06,107780502.3,Oz,SHARPS,NON-ALCOHOLIC,,,,
3410015304,MILLER GENUINE DRAFT,.63521111,29.990026,19.049999,10646.45996,Oz,MILLER,GENUINE,DRAFT,,,
3410015306,MILLER GENUINE DRFT,.47362673,4618416.5,2134947.3,1639537803,Oz,MILLER,GENUINE,DRFT,,,
3410015505,MILLER GEN DRFT LT L,.61336702,1119113.9,644767.31,397285430.3,Oz,MILLER,GEN,DRFT,LT,L,
3410015525,MILLER GENUINE DRFT,.61923689,477459.25,274294.13,169498030.8,Oz,MILLER,GENUINE,DRFT,,,
3410015528,MILLER GENUINE DRFT,.57178885,1555102.9,837181.25,552061535.8,Oz,MILLER,GENUINE,DRFT,,,
3410015579,MILLER GEN DRFT LT L,.83214915,50117.336,40815.961,17791654.82,Oz,MILLER,GEN,DRFT,LT,L,
3410015602,MILLER GENUINE DRAFT,.58441502,1142008.3,634889.75,405412937.7,Oz,MILLER,GENUINE,DRAFT,,,
3410016505,MILLER RESERVE LT LN,.66390198,33055.008,21093.25,11734528.17,Oz,MILLER,RESERVE,LT,LN,,
3410017306,MILLER GENUINE DRAFT,.47426748,9145591,4222496.5,3246684815,Oz,MILLER,GENUINE,DRAFT,,,
3410017505,MILLER GEN DRFT LNNR,.61394,2455118.8,1410313.1,871567122.6,Oz,MILLER,GEN,DRFT,LNNR,,
3410017525,MILLER GENUINE DRAFT,.62053001,1010040.1,579192,358564255,Oz,MILLER,GENUINE,DRAFT,,,
3410017528,MILLER GENUINE DRAFT,.57404423,3380032,1822241,1199911401,Oz,MILLER,GENUINE,DRAFT,,,
3410017579,MILLER GENUINE DRAFT,.83228981,91844.461,75390.906,32604784.88,Oz,MILLER,GENUINE,DRAFT,,,
3410017602,MILLER GENUINE DRAFT,.58658457,2101389.3,1167134.6,745993192.6,Oz,MILLER,GENUINE,DRAFT,,,
3410021505,LOWENBRAU BEER NR BT,.67256641,732110.56,463171.72,259899251.8,Oz,LOWENBRAU,BEER,NR,BT,,
3410021525,LOWENBRAU BEER NR BT,.63187671,11.996011,7.5799999,4258.583984,Oz,LOWENBRAU,BEER,NR,BT,,
3410021526,LOWENBRAU SPECIAL NR,.69939917,539.8205,377.55002,191636.2773,Oz,LOWENBRAU,SPECIAL,NR,,,
3410021528,LOWENBRAU SPECIAL NR,.67616791,218687.28,142452.73,77633986.20999999,Oz,LOWENBRAU,SPECIAL,NR,,,
3410021579,LOWENBRAU BEER,.85427219,21804.75,18501.09,7740686.458,Oz,LOWENBRAU,BEER,,,,
3410022505,LOWENBRAU DARK BEER,.64113802,110435.27,68022.195,39204524.22,Oz,LOWENBRAU,DARK,BEER,,,
3410022525,LOWENBRAU DARK BEER,.58186007,11.996011,6.9799995,4258.583984,Oz,LOWENBRAU,DARK,BEER,,,
3410023505,LOWENBRAU LIGHT NR B,.63393158,85411.602,52016.23,30321118.01,Oz,LOWENBRAU,LIGHT,NR,B,,
3410029306,MEISTER BRAU BEER,.3236762,301195.84,93605.961,106924526.6,Oz,MEISTER,BRAU,BEER,,,
3410029602,MEISTER BRAU BEER,.35422295,106656.53,37147.43,37863070.35,Oz,MEISTER,BRAU,BEER,,,
3410031306,MILWAUKEE'S BEST BEE,.3197346,700783,218595.36,248777959.7,Oz,MILWAUKEE'S,BEST,BEE,,,
3410031602,MILWAUKEE'S BEST BEE,.35718399,270066.19,95742.602,95873501.43000001,Oz,MILWAUKEE'S,BEST,BEE,,,
3410032505,MILLER RESERVE LNNR,.69172603,74597.195,48567.199,26482004.55,Oz,MILLER,RESERVE,LNNR,,,
3410048505,LEINENKUGELS HONEY W,.91109473,23704.117,21570.98,8414961.964,Oz,LEINENKUGELS,HONEY,W,,,
3410050306,LEINENKUGEL PREM REG,.52463335,3574.8113,1850.51,1269058.027,Oz,LEINENKUGEL,PREM,REG,,,
3410050505,LEINENKUGEL PREM REG,.65611827,281324.47,178071.02,99870182.51000001,Oz,LEINENKUGEL,PREM,REG,,,
3410050525,LEINENKUGEL PREM REG,.62418306,16536.502,9990.9004,5870458.037,Oz,LEINENKUGEL,PREM,REG,,,
3410050528,LEINENKUGEL NR BTLS,.65446579,63135.008,39636.34,22412927.51,Oz,LEINENKUGEL,NR,BTLS,,,
3410051505,LEINNKGL LNGNCK PRM,.63748002,53310.273,33117.719,18925147.24,Oz,LEINNKGL,LNGNCK,PRM,,,
3410052505,LEINENKUGEL LIMITED,.78641278,84565.883,63271.918,30020887.84,Oz,LEINENKUGEL,LIMITED,,,,
3410053505,LEINENKUGEL BOCK BEE,.79558522,26391.225,19048.609,9368884.799000001,Oz,LEINENKUGEL,BOCK,BEE,,,
3410054574,LEINENKUGEL 125TH AN,1.1561414,4054.6516,4459.5298,1439401.385,Oz,LEINENKUGEL,125TH,AN,,,
3410057306,MILLER LITE BEER,.4742713,14091618,6539291.5,5002524544,Oz,MILLER,LITE,BEER,,,
3410057505,MILLER LITE LONGNECK,.61412573,1874280.8,1082151.6,665369680.4,Oz,MILLER,LITE,LONGNECK,,,
3410057525,MILLER LITE BEER N.R,.62166703,792798.38,456020.56,281443428.3,Oz,MILLER,LITE,BEER,N.R,,
3410057528,MILLER LITE BEER N.R,.57335526,2846893.5,1544306.4,1010647153,Oz,MILLER,LITE,BEER,N.R,,
3410057579,MILLER LITE NR BTLS,.83277929,78293.469,64295.129,27794181.79,Oz,MILLER,LITE,NR,BTLS,,
3410057602,MILLER LITE BEER,.58733726,3228798.5,1812962,1146223434,Oz,MILLER,LITE,BEER,,,
3410059505,LEINENKUGEL RED LAGE,.874713,101810.15,86456.867,36142602.36,Oz,LEINENKUGEL,RED,LAGE,,,
3410059574,LEINENKUGEL RED NR B,.7973187,23860.066,18415.949,8470323.551000001,Oz,LEINENKUGEL,RED,NR,B,,
3410062302,MILLER ICEHOUSE CANS,.49933264,11.996011,5.9899998,4258.583984,Oz,MILLER,ICEHOUSE,CANS,,,
3410062306,MILLER ICEHOUSE CANS,.48645401,523721.84,250136.88,185921260,Oz,MILLER,ICEHOUSE,CANS,,,
3410062505,MILLER ICEHOUSE LN,.63902384,408272.25,248863.84,144936647.8,Oz,MILLER,ICEHOUSE,LN,,,
3410062528,MILLER ICEHOUSE N.R.,.5838505,737118.88,404404.19,261677211.1,Oz,MILLER,ICEHOUSE,N.R.,,,
3410062602,MILLER ICEHOUSE CANS,.6466791,14131.301,9109.2197,5016611.939,Oz,MILLER,ICEHOUSE,CANS,,,
3410064306,"MILLER LITE ""ICE""",.48482499,509230.66,242210.86,180776890.6,Oz,MILLER,LITE,"""ICE""",,,
3410064505,"MILLER LITE ""ICE"" L.",.64656848,184186.75,112680.02,65386298.64,Oz,MILLER,LITE,"""ICE""",L.,,
3410064528,"MILLER LITE ""ICE"" N.",.57510155,449922.41,243791.63,159722451.2,Oz,MILLER,LITE,"""ICE""",N.,,
3410064602,MILLER LITE ICE,.60847378,29438.211,17326.51,10450565.11,Oz,MILLER,LITE,ICE,,,
3410067306,MILLER RED DOG CANS,.50632381,218543.33,108279.9,77582883.18000001,Oz,MILLER,RED,DOG,CANS,,
3410067505,MILLER RED DOG NR BT,.64479887,144276.03,91350.195,51217989.74,Oz,MILLER,RED,DOG,NR,BT,
3410067528,MILLER RED DOG NR BT,.60556668,353306.53,200301.73,125423815.7,Oz,MILLER,RED,DOG,NR,BT,
3410070505,MILLER RESEVER AMBER,.76181,25221.613,18172.471,8953672.842,Oz,MILLER,RESEVER,AMBER,,,
3410071505,MILLER RESERVE VELVE,.93197644,623.79254,581.35999,221446.3672,Oz,MILLER,RESERVE,VELVE,,,
3410078505,LEINENKUGEL WINTER L,.86397022,12979.684,11035.46,4607787.887,Oz,LEINENKUGEL,WINTER,L,,,
3410079505,LEINENKUGEL ICE,.87957996,7701.439,6637.9199,2734010.917,Oz,LEINENKUGEL,ICE,,,,
3682493103,WIT BEER,.99866527,11.996011,11.98,4258.583984,Oz,WIT,BEER,,,,
3692011111,GOOSE ISLAND ALE,.89386857,53.982048,47.509998,19163.62793,Oz,GOOSE,ISLAND,ALE,,,
3692011115,GOOSE ISLAND KILGUBB,.98477179,53.982048,52.909996,19163.62793,Oz,GOOSE,ISLAND,KILGUBB,,,
3692011118,GOOSE ISLAND,.87362373,23.992022,20.959999,8517.167969,Oz,GOOSE,ISLAND,,,,
3828194001,DOM MICRO BREW MIX N,1.1619884,157855.52,182003.13,56038706.65,Oz,DOM,MICRO,BREW,MIX,N,
3876630214,ASAHI SUPER DRY BIG,1.2072351,379.67374,458.68997,134784.1836,Oz,ASAHI,SUPER,DRY,BIG,,
3876636120,ASAHI BEER,1.0546736,1481.5073,1558.0299,525935.1221,Oz,ASAHI,BEER,,,,
4006311676,KIRIN LIGHT BEER NR,.83194321,17.994017,14.969999,6387.875977,Oz,KIRIN,LIGHT,BEER,NR,,
4006311696,KIRIN BEER NR BTL,.89605653,7491.5088,6687.8101,2659485.698,Oz,KIRIN,BEER,NR,BTL,,
4006315706,KIRIN DRY BEER NR BT,.85478735,1949.3518,1660.45,692019.8975,Oz,KIRIN,DRY,BEER,NR,BT,
4052210016,BELLS PALE ALE,1.0820264,5.9980054,6.4899998,2129.291992,Oz,BELLS,PALE,ALE,,,
4185100104,TOSELLI NON-ALCOHOLI,2.6409931,2577.4648,6706.79,915000,ML,TOSELLI,NON-ALCOHOLI,,,,
4199900007,PETE'S SEASONAL BREW,1.1997006,648.7843,781.52997,230318.4213,Oz,PETE'S,SEASONAL,BREW,,,
4257205715,CLAUSTHALER GERMAN N,.99608898,88050.719,86096.172,31258006.51,Oz,CLAUSTHALER,GERMAN,N,,,
4323700007,NEW AMSTERDAM BLONDE,1.0198587,473.84244,486.20999,168214.0674,Oz,NEW,AMSTERDAM,BLONDE,,,
4323700008,NEW AMSTERDAM BLACK/,1.0195055,119.96011,122.8,42585.83984,Oz,NEW,AMSTERDAM,BLACK/,,,
4323700100,NEW AMSTERDAM BEER,1.0195055,59.980053,60.899998,21292.91992,Oz,NEW,AMSTERDAM,BEER,,,
4323700200,NEW AMSTERDAM ALE,.99866527,35.988033,35.939999,12775.75195,Oz,NEW,AMSTERDAM,ALE,,,
4323700300,NEW AMSTERDAM LIGHT,1.1653874,17.994017,20.969999,6387.875977,Oz,NEW,AMSTERDAM,LIGHT,,,
4327900100,COORS PARTY BALL TAP,.87336624,2627.1265,2286.8098,932629.8926,Oz,COORS,PARTY,BALL,TAP,,
4523810001,RAZOR'S EDGE,1.1814184,203.93219,240.15999,72395.92773,Oz,RAZOR'S,EDGE,,,,
4948308600,HACKER PSCHORR DARK,1.3321095,179.94016,239.7,63878.75977,Oz,HACKER,PSCHORR,DARK,,,
4948311200,HACKER-PSCHORR WEISS,1.4154705,2225.26,3149.79,789967.3291,Oz,HACKER-PSCHORR,WEISS,,,,
4948318000,HACKER PSCHOOR NR BT,1.363547,5572.147,7595.71,1978112.261,Oz,HACKER,PSCHOOR,NR,BT,,
4948361740,PSCHORR BRAU WEISS N,1.4134876,14413.724,20373.619,5116871.977,Oz,PSCHORR,BRAU,WEISS,N,,
5093961201,BOULDER PALE ALE,.90274745,2939.0227,2617.5898,1043353.076,Oz,BOULDER,PALE,ALE,,,
5093961206,BOULDER BROWN ALE,.87849545,1397.5353,1213.1699,496125.0342,Oz,BOULDER,BROWN,ALE,,,
5093961207,BOULDER AMBER,.89171052,2789.0725,2448.75,990120.7764,Oz,BOULDER,AMBER,,,,
5230000002,OLD MILWAUKEE LIGHT,.46892241,40282.605,18797.949,14300325.02,Oz,OLD,MILWAUKEE,LIGHT,,,
5230000012,SCHLITZ BEER,.40539667,54617.84,20358.631,19389332.95,Oz,SCHLITZ,BEER,,,,
5230000022,OLD MILWAUKEE BEER,.46312767,151695.56,69451.422,53851923.86,Oz,OLD,MILWAUKEE,BEER,,,
5230000026,OLD MILWAUKEE-REGULA,.40026847,8151.9561,3173.8999,2893944.363,Oz,OLD,MILWAUKEE-REGULA,,,,
5230000027,OLD MILWAUKEE BEER N,.42911977,10886.38,4690.6699,3864664.807,Oz,OLD,MILWAUKEE,BEER,N,,
5230000035,OLD MILWAUKEE N.A. C,.44610131,281222.5,125702.46,99833984.59,Oz,OLD,MILWAUKEE,N.A.,C,,
5230000042,SCHLITZ MALT LIQUOR,.59064543,2747.0864,1618.0199,975215.7324,Oz,SCHLITZ,MALT,LIQUOR,,,
5230000046,SCHILTZ MALT LIQUOR,.47650215,559.81384,244.53999,198733.9116,Oz,SCHILTZ,MALT,LIQUOR,,,
5230000047,SCHLITZ MALT LIQUOR,.52211916,12882.383,6749.6997,4573245.838,Oz,SCHLITZ,MALT,LIQUOR,,,
5230000057,SCHLITZ RED BULL NR,.53717858,1386.2057,744.63995,492103.0171,Oz,SCHLITZ,RED,BULL,NR,,
5230000201,AUGSBURGER REG BEER,.56852227,59.980053,34.099998,21292.91992,Oz,AUGSBURGER,REG,BEER,,,
5230000207,AUGSBURGER DARK BEER,.58640701,65.978058,38.689999,23422.21191,Oz,AUGSBURGER,DARK,BEER,,,
5230000208,AUGSBURGER REG BEER,.61087775,186801.89,107774.72,66314669.96,Oz,AUGSBURGER,REG,BEER,,,
5230000211,AUGSBURGER LIGHT BEE,.58506262,2597.1365,1464.37,921983.4325999999,Oz,AUGSBURGER,LIGHT,BEE,,,
5230000214,AUGSBURGER DARK BEER,.59949893,36251.945,20875.859,12869440.82,Oz,AUGSBURGER,DARK,BEER,,,
5230000215,AUGSBURGER BOCK BEER,.6136933,5986.0093,3610.3999,2125033.41,Oz,AUGSBURGER,BOCK,BEER,,,
5230000218,AUGSBURGER GOLDEN NR,.66605473,47.984043,31.959999,17034.33594,Oz,AUGSBURGER,GOLDEN,NR,,,
5230000226,AUGSBURGER BOCK BEER,.52072865,17.994017,9.3699999,6387.875977,Oz,AUGSBURGER,BOCK,BEER,,,
5230000240,AUGSBURGER GOLDEN,.62611324,487343.94,288264.16,173007104,Oz,AUGSBURGER,GOLDEN,,,,
5230000242,AUGSBURGER DARK BEER,.61988938,207590.97,123070.79,73694796.04000001,Oz,AUGSBURGER,DARK,BEER,,,
5230000243,AUGSBURGER BOCK,.61431485,53880.082,31915.828,19127430,Oz,AUGSBURGER,BOCK,,,,
5230000289,AUGSBURGER GOLDEN NR,1.013064,5.4981718,5.5700002,1951.851013,Oz,AUGSBURGER,GOLDEN,NR,,,
5230000349,AUGSBURGER OKTOBERFE,.66908205,3796.7375,2506.8899,1347841.832,Oz,AUGSBURGER,OKTOBERFE,,,,
5230000350,OLD MILWAUKEE LONGNE,.51961714,107.9641,56.32,38327.25586,Oz,OLD,MILWAUKEE,LONGNE,,,
5230000540,OLD MILWAUKEE LIGHT,.43099681,42070.012,17995.189,14934854.04,Oz,OLD,MILWAUKEE,LIGHT,,,
5230000548,SCHLITZ ICE CAN,.37668771,2957.0166,1117.5699,1049740.955,Oz,SCHLITZ,ICE,CAN,,,
5230000966,OLD MILWAUKEE LIGHT,.34666091,415061.97,141127.59,147347006.1,Oz,OLD,MILWAUKEE,LIGHT,,,
5230001300,OLD MILWAUKEE N.A. B,.55140328,19415.543,10650.279,6892518.185,Oz,OLD,MILWAUKEE,N.A.,B,,
5230001301,OLD MILWAUKEE N.A. B,.48678482,21268.928,10311.18,7550469.413,Oz,OLD,MILWAUKEE,N.A.,B,,
5230001966,SCHLITZ REGULAR,.33302736,2831.0586,942.82001,1005025.82,Oz,SCHLITZ,REGULAR,,,,
5230002330,OLD MILWAUKEE LONGNE,.52134812,515.82849,269,183119.1113,Oz,OLD,MILWAUKEE,LONGNE,,,
5230002540,OLD MILWAUKEE BEER,.43202916,136070.75,58373.398,48305118.17,Oz,OLD,MILWAUKEE,BEER,,,
5230002546,OLD MILWAUKEE N/A BE,.37388933,51318.934,19124.061,18218222.29,Oz,OLD,MILWAUKEE,N/A,BE,,
5230002553,OLD MILWAUKEE,.29941502,24591.824,7366.7002,8730097.245999999,Oz,OLD,MILWAUKEE,,,,
5230002554,OLD MILWAUKEE LIGHT,.29959959,13135.633,3935.4302,4663149.499,Oz,OLD,MILWAUKEE,LIGHT,,,
5230002966,OLD MILWAUKEE BEER,.34799933,833866.75,282280.31,296022690.5,Oz,OLD,MILWAUKEE,BEER,,,
6206701171,LABATTS '50' ALE NR,.8144291,5716.0991,4474.8198,2029215.27,Oz,LABATTS,'50',ALE,NR,,
6206704971,LABATTS BLUE LIGHT N,.8309527,12985.682,10487.04,4609917.174,Oz,LABATTS,BLUE,LIGHT,N,,
6206704972,LABATTS BLUE LIGHT N,.99866527,17.994017,17.969999,6387.875977,Oz,LABATTS,BLUE,LIGHT,N,,
6206705155,LABATT BLUE,.885351,21882.723,17798.811,7768366.769,Oz,LABATT,BLUE,,,,
6206705171,LABATTS BLUE REG NR,.84910035,90186.008,73432.68,32016034.44,Oz,LABATTS,BLUE,REG,NR,,
6206705172,end,.90799826,29354.238,25702.85,10420755.02,Oz,end,,,,,
6206738072,LABATTS BLUE NR BTLS,.85949177,12871.72,10779.6,4569460.618,Oz,LABATTS,BLUE,NR,BTLS,,
6227405870,MURPHY'S IRISH STOUT,1.2064413,4.9650159,5.9900002,1762.580566,Oz,MURPHY'S,IRISH,STOUT,,,
6810940359,TENNENTS LAGERNR BTL,1.1653874,5.9980054,6.9899998,2129.291992,Oz,TENNENTS,LAGERNR,BTL,,,
6821301112,MOLSON EXPORT ALE NR,.91285247,9134.9619,8233.2695,3242911.704,Oz,MOLSON,EXPORT,ALE,NR,,
6821302112,MOLSON GOLDEN NR BTL,.8586418,373783.72,293887.66,132693218.7,Oz,MOLSON,GOLDEN,NR,BTL,,
6821302117,MOLSON GOLDEN N.R.'S,.77256787,230347.41,163167.86,81773329.93000001,Oz,MOLSON,GOLDEN,N.R.'S,,,
6821303111,MOLSON EXPORT ALE NR,.99866527,35.988033,35.939999,12775.75195,Oz,MOLSON,EXPORT,ALE,NR,,
6821303112,MOLSON CANADIAN BEER,.80098546,31057.672,23187.68,11025473.96,Oz,MOLSON,CANADIAN,BEER,,,
6821306112,MOLSON LIGHT NR BTL,.82687283,108467.93,84866.203,38506116.45,Oz,MOLSON,LIGHT,NR,BTL,,
6821309112,MOLSON ICE,.89452755,131404.3,109511.57,46648529.04,Oz,MOLSON,ICE,,,,
6821309117,MOLSON ICE N.R.,.74580222,115557.57,82350.305,41022939.61,Oz,MOLSON,ICE,N.R.,,,
6821309451,MOLSON ICE BIG CAN,1.0766078,39.986702,43.200001,14195.27966,Oz,MOLSON,ICE,BIG,CAN,,
7031000030,MICHEAL SHEAS VARIET,.83277678,71.976067,59.939995,25551.50391,Oz,MICHEAL,SHEAS,VARIET,,,
7031033006,MICHAEL SHEA'S IRS A,.80545717,34428.551,27273.709,12222136.06,Oz,MICHAEL,SHEA'S,IRS,A,,
7031037037,JW DUNDEE HONEY BROW,.83194321,239.92021,199.59999,85171.67969,Oz,JW,DUNDEE,HONEY,BROW,,
7089701123,FOSTERS LAGER 6PK NR,1.0185779,82832.453,82616.375,29405522.42,Oz,FOSTERS,LAGER,6PK,NR,,
7089701331,FOSTER'S LAGER,1.0792111,70772.305,76027.352,25124167.97,Oz,FOSTER'S,LAGER,,,,
7089713123,JOHN COURAGE AMBER B,1.0992905,1583.4734,1730.36,562133.0858999999,Oz,JOHN,COURAGE,AMBER,B,,
7089716123,FOSTERS LAGER 6PK NR,1.0405651,587.8045,611.81995,208670.6152,Oz,FOSTERS,LAGER,6PK,NR,,
7089718331,FOSTER'S LAGER,1.120814,495.66855,548.87,175962.3331,Oz,FOSTER'S,LAGER,,,,
7125000018,COLT 45 QT,.37137344,48746.457,18103.141,17304992.46,Oz,COLT,45,QT,,,
7125000019,COLT 45 BEER NR BTL.,.54754722,18303.912,10069.63,6497889.127,Oz,COLT,45,BEER,NR,BTL.,
7143922033,ROLLING ROCK KING SI,1.0345094,1785.0731,1834.76,633700.9634,Oz,ROLLING,ROCK,KING,SI,,
7143934500,ROLLING ROCK PREM BE,.68673182,317324.47,210681.94,112650193,Oz,ROLLING,ROCK,PREM,BE,,
7143934512,ROLLING ROCK NR,.737315,1091.637,804.09003,387531.1445,Oz,ROLLING,ROCK,NR,,,
7143934806,ROLLING ROCK PREM BE,.70056695,98055.398,66271.57,34809665.57,Oz,ROLLING,ROCK,PREM,BE,,
7199000007,COORS BEER,.63497955,9938.6953,6318.7798,3528236.83,Oz,COORS,BEER,,,,
7199000021,COORS BEER N.R.BTLS,.6338774,251.91623,159.17999,89430.26367,Oz,COORS,BEER,N.R.BTLS,,,
7199000025,COORS LIGHT BEER N.R,.64060974,281.90625,180.63,100076.7236,Oz,COORS,LIGHT,BEER,N.R,,
7199000027,COORS BEER,.62307131,65378.258,40518.848,23209282.72,Oz,COORS,BEER,,,,
7199000028,COORS LIGHT BEER,.62487662,125736.19,78011.547,44636348.06,Oz,COORS,LIGHT,BEER,,,
7199000041,COORS BEER N.R.BTLS,.5919475,2771.0786,1555.2699,983732.8983999999,Oz,COORS,BEER,N.R.BTLS,,,
7199000047,COORS BEER,.54329008,369297.19,185797.92,131100508.2,Oz,COORS,BEER,,,,
7199000048,COORS LIGHT BEER,.55705023,731336.81,378390.78,259624573.3,Oz,COORS,LIGHT,BEER,,,
7199009001,COORS WINTERFEST BEE,.83154064,10706.439,8897.9004,3800786.215,Oz,COORS,WINTERFEST,BEE,,,
7199009501,BLUE MOON HONEY BLON,1.0122567,1499.5013,1513,532322.998,Oz,BLUE,MOON,HONEY,BLON,,
7199009511,BLUE MOON BELGIAN WH,1.0293378,2531.1582,2558.77,898561.2206999999,Oz,BLUE,MOON,BELGIAN,WH,,
7199009521,BLUE MOON NUT BROWN,1.009241,1133.623,1136.61,402436.1865,Oz,BLUE,MOON,NUT,BROWN,,
7199009532,BLUE MOON HARVEST PU,1.0641739,1145.619,1215.5499,406694.7705,Oz,BLUE,MOON,HARVEST,PU,,
7199009541,BLUE MOON RASPBERRY,1.0354395,4306.5679,4449.2998,1528831.65,Oz,BLUE,MOON,RASPBERRY,,,
7199009561,BLUE MOON ABBEY ALE,.99866527,29.990026,29.949999,10646.45996,Oz,BLUE,MOON,ABBEY,ALE,,
7199010001,COORS BEER,.6395613,16901.047,10555.53,5999871.551,Oz,COORS,BEER,,,,
7199010005,COORS REG BEER PARTY,.43872246,7378.7134,3211.02,2619443.252,Oz,COORS,REG,BEER,PARTY,,
7199010006,COORS REGULAR LONGNE,.61695516,140479.28,81569.734,49870147.83,Oz,COORS,REGULAR,LONGNE,,,
7199011600,COORS BEER,.46891445,675591.38,306942.69,239834933.2,Oz,COORS,BEER,,,,
7199030001,COORS LIGHT BEER,.64622825,7418.8667,4756.4702,2633697.565,Oz,COORS,LIGHT,BEER,,,
7199030004,COORS LIGHT BEER PAR,.44837898,8535.0791,3814.45,3029953.012,Oz,COORS,LIGHT,BEER,PAR,,
7199030005,COORS LIGHT LONGNECK,.62584764,249607,149148.13,88610486.45999999,Oz,COORS,LIGHT,LONGNECK,,,
7199031600,COORS LIGHT BEER,.47291827,1265003.4,581894.44,449076199.4,Oz,COORS,LIGHT,BEER,,,
7199036400,COORS LIGHT BEER N.R,.60483843,12739.764,7477.3896,4522616.193,Oz,COORS,LIGHT,BEER,N.R,,
7199038006,COORS RED LIGHT LNNR,.6652211,155.94814,103.73999,55361.5918,Oz,COORS,RED,LIGHT,LNNR,,
7199038011,COORS RED LIGHT NR B,.66605473,23.992022,15.98,8517.167969,Oz,COORS,RED,LIGHT,NR,B,
7199047006,KEYSTONE REGULAR BEE,.35003322,135243.03,46727.438,48011275.86,Oz,KEYSTONE,REGULAR,BEE,,,
7199047506,KEYSTONE DRY BEER,.35023871,6549.8218,2271.77,2325186.855,Oz,KEYSTONE,DRY,BEER,,,
7199048006,KEYSTONE LIGHT BEER,.35069188,187233.73,64834.047,66467978.92,Oz,KEYSTONE,LIGHT,BEER,,,
7199066200,HERMAN JOSEPHS SPECI,.83194321,5.9980054,4.9899998,2129.291992,Oz,HERMAN,JOSEPHS,SPECI,,,
7199070002,KILLIAN'S IRISH RED,.83000481,562654.94,445468.19,199742494.4,Oz,KILLIAN'S,IRISH,RED,,,
7199070012,KILLIAN'S IRISH RED,.95780683,1997.3358,1897.39,709054.2152,Oz,KILLIAN'S,IRISH,RED,,,
7199070015,KILLIAN'S IRISH RED,.93906218,165.94482,153.37,58910.41046,Oz,KILLIAN'S,IRISH,RED,,,
7199076400,KILLIAN'S RED NR 12O,.83109409,37043.684,29797.971,13150507.36,Oz,KILLIAN'S,RED,NR,12O,,
7199076502,KILLIAN'S IRISH BRWN,.81886375,803.73273,651.84998,285325.127,Oz,KILLIAN'S,IRISH,BRWN,,,
7199076601,KILLIAN'S WILDE HONE,.82504833,19277.59,15500.64,6843544.476,Oz,KILLIAN'S,WILDE,HONE,,,
7199077005,COORS CUTTER NON-ALC,.6035468,261279.13,150245.67,92754088.65000001,Oz,COORS,CUTTER,NON-ALC,,,
7199077603,ZIMA CLEARMALT L.N.N,.80906224,366646.09,295056.38,130159361.2,Oz,ZIMA,CLEARMALT,L.N.N,,,
7199077609,ZIMA CLEARMALT,1.0857956,6174.4473,6703.9399,2191928.695,Oz,ZIMA,CLEARMALT,,,,
7199077803,ZIMA GOLD LNNR,.81814396,8703.1055,7159.9697,3089602.68,Oz,ZIMA,GOLD,LNNR,,,
7199077807,ZIMA GOLD BIG BOTTLE,1.0858154,54.98172,59.700001,19518.51031,Oz,ZIMA,GOLD,BIG,BOTTLE,,
7199080003,CASTLEMAINE XXXX,.99866527,509.83047,509.14999,180989.8193,Oz,CASTLEMAINE,XXXX,,,,
7199084001,COORS ARTIC ICE NR B,.64847422,1841.3877,1109.4199,653692.6426,Oz,COORS,ARTIC,ICE,NR,B,
7199084004,COORS ARTIC ICE CANS,.6400044,107.9641,69.209999,38327.25586,Oz,COORS,ARTIC,ICE,CANS,,
7199084009,COORS ARTIC ICE CANS,.53265512,575.80853,305.76001,204412.0313,Oz,COORS,ARTIC,ICE,CANS,,
7199090002,COORS EXTRA GOLD BEE,.4617666,101174.36,45915.051,35916897.35,Oz,COORS,EXTRA,GOLD,BEE,,
7199090014,COORS EXTRA GOLD BEE,.63116497,12193.945,7671.25,4328850.621,Oz,COORS,EXTRA,GOLD,BEE,,
7199091200,COORS EXTRA GOLD BEE,.61385059,13069.654,8007.2598,4639727.251,Oz,COORS,EXTRA,GOLD,BEE,,
7199091400,COORS EXTRA GOLD BEE,.5254631,58252.629,29147.648,20679683.85,Oz,COORS,EXTRA,GOLD,BEE,,
7204000002,STROHS LIGHT BEER,.50706637,77596.195,39239.32,27546650.52,Oz,STROHS,LIGHT,BEER,,,
7204000006,STROHS BEER N.R.BTLS,.5900777,15610.81,9194.9795,5541837.2,Oz,STROHS,BEER,N.R.BTLS,,,
7204000007,STROHS BEER,.54606164,1271.5771,684.11005,451409.8909,Oz,STROHS,BEER,,,,
7204000009,STROHS BEER,.50766581,149734.2,75763.25,53155645.38,Oz,STROHS,BEER,,,,
7204001110,STROH'S BEER,.40215671,45440.891,18240.039,16131515.71,Oz,STROH'S,BEER,,,,
7204001111,STROHS BEER,.036820572,4198.604,151.81999,1490504.426,Oz,STROHS,BEER,,,,
7204001112,STROH'S LIGHT,.40113282,15522.838,6217,5510607.544,Oz,STROH'S,LIGHT,,,,
7204001113,STROHS BEER,.038506575,16015125,596762.19,5685369439,Oz,STROHS,BEER,,,,
7204001122,STROHS REG LONGNECK,.50753492,146081.42,72942.617,51858906.54,Oz,STROHS,REG,LONGNECK,,,
7204001123,STROHS LIGHT LONGNEC,.50123143,50503.207,25013.561,17928638.57,Oz,STROHS,LIGHT,LONGNEC,,,
7204001151,STROHS BEER N.R.BTLS,.66638225,2155.2832,1437.98,765125.5698000001,Oz,STROHS,BEER,N.R.BTLS,,,
7204004441,STROHS LIGHT BEER,.038316436,5548.1553,208.33,1969595.133,Oz,STROHS,LIGHT,BEER,,,
7204004443,STROHS LIGHT BEER,.038397342,8135695,303376.75,2888171720,Oz,STROHS,LIGHT,BEER,,,
7204004456,STROHS NONALCOHOLIC,.6298216,37997.363,23816.379,13489064.78,Oz,STROHS,NONALCOHOLIC,,,,
7204031232,STROH'S,.36081582,560423.69,196973.8,198950397,Oz,STROH'S,,,,,
7204031310,STROHS BEER,.40933552,651719.31,258705.5,231360351.4,Oz,STROHS,BEER,,,,
7204031313,STROH'S DRAFT LIGHT,.37687528,239.92023,90.420006,85171.67969,Oz,STROH'S,DRAFT,LIGHT,,,
7204031373,STROH'S,.37741673,8097.3076,3036.28,2874544.167,Oz,STROH'S,,,,,
7204031374,STROHS LIGHT BEER,.36441252,10106.64,3662.5801,3587856.98,Oz,STROHS,LIGHT,BEER,,,
7204061321,STROHS LIGHT BEER,.40426067,274204.81,108324.98,97342712.91,Oz,STROHS,LIGHT,BEER,,,
7204061328,STROHS LIGHT BEER,.35926732,263372.44,92530.938,93497210.98999999,Oz,STROHS,LIGHT,BEER,,,
7231111201,WHITBREAD ALE NR BTL,1.2479148,47.984043,59.879997,17034.33545,Oz,WHITBREAD,ALE,NR,BTL,,
7231113001,PILSNER URQUELL NR B,1.2075889,461.84641,561.63,163955.4834,Oz,PILSNER,URQUELL,NR,B,,
7231113003,FOSTER'S LAGER,1.1015949,43987.457,45961,15615547.98,Oz,FOSTER'S,LAGER,,,,
7231133140,DOS EQUIS AMBER LNNR,1.0493239,1415.5293,1459.8199,502512.9102,Oz,DOS,EQUIS,AMBER,LNNR,,
7231163001,PILSNER URQUELL NR B,1.2415425,36090,44259.449,12811949.93,Oz,PILSNER,URQUELL,NR,B,,
7231163006,FOSTERS LAGER 6PK NR,1.0453475,287.90427,301.11996,102206.0156,Oz,FOSTERS,LAGER,6PK,NR,,
7231163009,MOOSEHEAD BEER NR BT,.85786837,460676.81,369261.81,163540271.8,Oz,MOOSEHEAD,BEER,NR,BT,,
7231163011,DOS EQUIS BEER,.96615708,143532.27,134352.48,50953957.44,Oz,DOS,EQUIS,BEER,,,
7231163012,DOS EQUIS BEER,.98951334,16770.424,16194.64,5953500.41,Oz,DOS,EQUIS,BEER,,,
7231163018,MACKESON STOUT NR BT,1.2479148,55.981384,69.860001,19873.39136,Oz,MACKESON,STOUT,NR,BT,,
7231163029,CLAUSTHALER GERMAN N,.97324127,61533.539,59022.508,21844406.56,Oz,CLAUSTHALER,GERMAN,N,,,
7231163050,MOOSEHEAD LIGHT NR B,.81200904,47384.242,37074.988,16821406.75,Oz,MOOSEHEAD,LIGHT,NR,B,,
7231163075,MOOSEHEAD ICE NR,.8435213,20837.07,16978.609,7397160.393,Oz,MOOSEHEAD,ICE,NR,,,
7231193040,MOOSEHEAD BEER NR BT,.76424658,128381.31,93946.938,45575365.84,Oz,MOOSEHEAD,BEER,NR,BT,,
7231195220,DOS EQUIS AMBER,1.1722528,282.2395,328.86002,100195.0195,Oz,DOS,EQUIS,AMBER,,,
7248001103,SCHAEFER BEER CANS,.37032047,647.78461,240.73,229963.5352,Oz,SCHAEFER,BEER,CANS,,,
7250900006,STEINLAGERS ALE,1.1743189,407.86438,478.81998,144791.8555,Oz,STEINLAGERS,ALE,,,,
7250904006,STEINLAGERS ALE,1.1653874,149.95013,174.75,53232.2998,Oz,STEINLAGERS,ALE,,,,
7262010105,RANIER DRAFT REGULAR,.3931492,1919.3618,744.03998,681373.4478,Oz,RANIER,DRAFT,REGULAR,,,
7262010106,RANIER DRAFT LIGHT C,.39882609,879.70752,345.56,312296.166,Oz,RANIER,DRAFT,LIGHT,C,,
7272001431,CARLINGS BLK LABEL R,.42185366,17472.189,7334.6699,6202627.587,Oz,CARLINGS,BLK,LABEL,R,,
7272001435,CARLINGS BLK LABEL R,.37261227,1295.5692,475.03,459927.0703,Oz,CARLINGS,BLK,LABEL,R,,
7278300100,ANCHOR STEAM BEER NR,1.139625,11048.326,12503.359,3922155.854,Oz,ANCHOR,STEAM,BEER,NR,,
7278300200,ANCHOR PORTER,1.2435384,647.78461,804.91998,229963.5352,Oz,ANCHOR,PORTER,,,,
7278300300,ANCHOR STEAM ALE NR,1.2066292,1139.621,1351.1,404565.4785,Oz,ANCHOR,STEAM,ALE,NR,,
7289000007,HEINEKEN KINGSIZE N.,1.1241575,88109.5,98669.219,31278873.49,Oz,HEINEKEN,KINGSIZE,N.,,,
7289000011,HEINEKEN BEER N.R.BT,1.0573539,1339876.5,1358994.1,475656151.2,Oz,HEINEKEN,BEER,N.R.BT,,,
7289000012,HEINEKEN DARK BEER N,1.0124905,60088.02,59036.379,21331247.19,Oz,HEINEKEN,DARK,BEER,N,,
7289000016,HEINEKEN NR BTLS.,1.0266199,966818.5,921967.44,343220576.9,Oz,HEINEKEN,NR,BTLS.,,,
7289000030,BUCKLER NON ALCOHOLI,.86740398,11888.047,10122.1,4220256.732,Oz,BUCKLER,NON,ALCOHOLI,,,
7289000059,AMSTEL BIER,.99866527,65.978058,65.889999,23422.21191,Oz,AMSTEL,BIER,,,,
7289010011,AMSTEL LIGHT BEER NR,1.0468975,309539.06,317459.78,109886372.1,Oz,AMSTEL,LIGHT,BEER,NR,,
7289010016,AMSTEL LIGHT BEER NR,1.0074937,194527.31,185842.47,69057198.03,Oz,AMSTEL,LIGHT,BEER,NR,,
7336010122,WINDY CITY ALE NR 6P,.87321788,2801.0686,2429.4299,994379.3604,Oz,WINDY,CITY,ALE,NR,6P,
7336011107,OLD STYLE DRAFT LNNR,.62086827,5890.0415,3592.7798,2090964.736,Oz,OLD,STYLE,DRAFT,LNNR,,
7336011110,OLD STYLE DRAFT,.6170789,7653.4551,4708.3296,2716976.582,Oz,OLD,STYLE,DRAFT,,,
7336011112,OLD STYLE DRAFT,.51189196,17190.283,8450.4902,6102550.852,Oz,OLD,STYLE,DRAFT,,,
7336011114,OLD STYLE DRAFT,.42045528,285217.16,115488.05,101252093.1,Oz,OLD,STYLE,DRAFT,,,
7336011116,OLD STYLE DRAFT N.R.,.48473328,19445.533,8842.2998,6903164.641,Oz,OLD,STYLE,DRAFT,N.R.,,
7336011209,OLD STYLE BEER N.R.B,.56696242,63675.492,35556.719,22604799.45,Oz,OLD,STYLE,BEER,N.R.B,,
7336011214,OLD STYLE 30PK CANS,.37487769,2944421,1040743.8,1045269438,Oz,OLD,STYLE,30PK,CANS,,
7336011301,OLD STYLE BEER,.4519105,6424176,2748746.3,2280582451,Oz,OLD,STYLE,BEER,,,
7336011341,OLD STYLE BEER,.58096534,1201112.6,683129.25,426394981.3,Oz,OLD,STYLE,BEER,,,
7336011347,OLD STYLE BEER,.5826937,419.86038,244.64999,149050.4414,Oz,OLD,STYLE,BEER,,,
7336011356,OLD STYLE PARTY PACK,.35071868,678046.5,229641.89,240706516.3,Oz,OLD,STYLE,PARTY,PACK,,
7336011358,O S RYL AMBR N.R. NO,.58808124,74681.164,42706.109,26511814.63,Oz,O,S,RYL,AMBR,N.R.,NO
7336011370,OLD STYLE CAN,.39903584,134035.44,53402.492,47582578.8,Oz,OLD,STYLE,CAN,,,
7336011372,OLD STYLE 30PK CANS,.36171672,2754104.3,915499.75,977707002,Oz,OLD,STYLE,30PK,CANS,,
7336011401,OLD STYLE CLASSIC DR,.61771429,22456.533,13812.95,7972069.226,Oz,OLD,STYLE,CLASSIC,DR,,
7336011402,OLD STYLE CLASSIC DR,.61853629,10832.397,6679.1899,3845501.34,Oz,OLD,STYLE,CLASSIC,DR,,
7336011403,OLD STYLE CLASSIC DR,.59743208,27662.801,16395.58,9820294.67,Oz,OLD,STYLE,CLASSIC,DR,,
7336011404,OLD STYLE CLASSIC DR,.59477115,15198.945,8964.0693,5395625.906,Oz,OLD,STYLE,CLASSIC,DR,,
7336011405,OLD STYLE CLASSIC DR,.44450489,242007.53,99961.281,85912673.43000001,Oz,OLD,STYLE,CLASSIC,DR,,
7336011406,OLD STYLE CLSSC DRFT,.44494331,89730.164,38385.609,31854208.22,Oz,OLD,STYLE,CLSSC,DRFT,,
7336011411,OLD STYLE CLASSIC DR,.59951121,97701.516,53606.418,34684037.32,Oz,OLD,STYLE,CLASSIC,DR,,
7336011412,OLD STYLE CLSC DRAFT,.59342986,52482.547,28969,18631304.97,Oz,OLD,STYLE,CLSC,DRAFT,,
7336011421,OLD STYLE CLASSIC DR,.38020372,135374.98,50732.121,48058120.14,Oz,OLD,STYLE,CLASSIC,DR,,
7336011422,OLD STYLE CLASSIC DR,.37943378,91139.695,34099.691,32354591.68,Oz,OLD,STYLE,CLASSIC,DR,,
7336011423,OLD STYLE CLASSIC DR,.27259061,71348.273,19448.869,25328637.35,Oz,OLD,STYLE,CLASSIC,DR,,
7336011424,OLD STYLE CLASSIC DR,.27259061,37463.543,10212.21,13299557.4,Oz,OLD,STYLE,CLASSIC,DR,,
7336011425,OS CLASSIC DRAFT 4PK,.397129,25471.529,10104.28,9042393.056,Oz,OS,CLASSIC,DRAFT,4PK,,
7336011426,OS CLASSIC DRFT LT 6,.39711252,8909.0371,3534.3599,3162708.295,Oz,OS,CLASSIC,DRFT,LT,6,
7336011431,OLD STYLE CLASSIC DR,.3470307,90030.063,31049.779,31960673.04,Oz,OLD,STYLE,CLASSIC,DR,,
7336011432,OLD STYLE CLASSIC DR,.34669173,38607.164,13368.56,13705542.9,Oz,OLD,STYLE,CLASSIC,DR,,
7336011439,OLD STYLE CLASSIC DR,.39948264,14575.154,5823.71,5174179.615,Oz,OLD,STYLE,CLASSIC,DR,,
7336011440,OLD STYLE CLASSIC DR,.39953846,10596.477,4233.7002,3761749.238,Oz,OLD,STYLE,CLASSIC,DR,,
7336011441,OLD STYLE CLASSIC DR,.35270575,209060.48,68680.414,74216472.37,Oz,OLD,STYLE,CLASSIC,DR,,
7336011442,OLD STYLE CLASSIC DR,.35128811,122809.16,40388.051,43597253.45,Oz,OLD,STYLE,CLASSIC,DR,,
7336011522,OLD STYLE ICE,.42123792,303691.03,120791.3,107810312.5,Oz,OLD,STYLE,ICE,,,
7336011523,OLD STYLE ICE NR BTL,.54523861,7701.439,4199.7598,2734010.92,Oz,OLD,STYLE,ICE,NR,BTL,
7336011524,OLD STYLE ICE NR BTL,.51206177,38147.316,18746.549,13542297.08,Oz,OLD,STYLE,ICE,NR,BTL,
7336011528,OLD STYLE ICE LN NR,.57994199,33930.719,18802.08,12045404.82,Oz,OLD,STYLE,ICE,LN,NR,
7336011531,OLD STYLE ICE LIGHT,.55616736,62595.188,33892.969,22221291.25,Oz,OLD,STYLE,ICE,LIGHT,,
7336011542,OLD STYLE ICE LIGHT,.43853119,1175.609,510.50998,417341.2305,Oz,OLD,STYLE,ICE,LIGHT,,
7336011611,OLD STYLE BEER N.R.B,.63187671,5.9980054,3.79,2129.291992,Oz,OLD,STYLE,BEER,N.R.B,,
7336011638,OLD STYLE BEER N.R.B,.5660215,155.94814,88.270004,55361.5918,Oz,OLD,STYLE,BEER,N.R.B,,
7336011661,OLD STYLE REG LONG N,.60769206,524477.63,297238.41,186189550.7,Oz,OLD,STYLE,REG,LONG,N,
7336011670,OLD STYLE BEER,.74466211,20022.674,14820.879,7108049.666,Oz,OLD,STYLE,BEER,,,
7336011751,OLD STYLE BEER,.61072582,817222.25,497698.69,290113905.5,Oz,OLD,STYLE,BEER,,,
7336011754,OLD STYLE BEER,.53656,453809.09,214124.81,161102227.8,Oz,OLD,STYLE,BEER,,,
7336011905,OLD STYLE BEER,.66101211,72072.031,47066.57,25585572.16,Oz,OLD,STYLE,BEER,,,
7336011906,OLD STYLE BEER N.R.B,.54666406,482011.72,236410.64,171114163.5,Oz,OLD,STYLE,BEER,N.R.B,,
7336013301,SPECIAL EXPORT CAN,.50743073,13963.356,7062.1802,4956991.758,Oz,SPECIAL,EXPORT,CAN,,,
7336013403,SPECIAL EXPORT REG N,.60836011,10382.548,6241.7197,3685804.455,Oz,SPECIAL,EXPORT,REG,N,,
7336013405,SPECIAL EXPORT REG N,.60078746,17922.041,10451.101,6362324.486,Oz,SPECIAL,EXPORT,REG,N,,
7336013412,SPECIAL EXPORT LIGHT,.60796803,3676.7773,2210.1799,1305255.99,Oz,SPECIAL,EXPORT,LIGHT,,,
7336013414,SPECIAL EXPORT LIGHT,.59575075,2447.1863,1431.86,868751.1328,Oz,SPECIAL,EXPORT,LIGHT,,,
7336013419,SPECIAL EXPORT LIGHT,.54143,287.90427,155.88,102206.0156,Oz,SPECIAL,EXPORT,LIGHT,,,
7336013611,SPECIAL EXPORT REG N,.63260806,316082.91,188414.11,112209429.6,Oz,SPECIAL,EXPORT,REG,N,,
7336013670,SPECIAL EXPORT REG N,.72667015,2850.3855,2071.29,1011886.845,Oz,SPECIAL,EXPORT,REG,N,,
7336013751,SPECIAL EXPORT REG C,.67022276,1247.5851,833.21997,442892.7324,Oz,SPECIAL,EXPORT,REG,C,,
7336013752,SPECIAL EXPORT REG N,.60761672,57316.941,32583.471,20347514.31,Oz,SPECIAL,EXPORT,REG,N,,
7336013755,SPECIAL EXPORT REG N,.64528221,285984.91,179270.56,101524642.4,Oz,SPECIAL,EXPORT,REG,N,,
7336013757,SPECIAL EXPORT REG N,.61302155,281834.28,162201.05,100051172.3,Oz,SPECIAL,EXPORT,REG,N,,
7336035301,OLD STYLE L.A. BEER,.47345254,36659.809,17186.1,13014232.66,Oz,OLD,STYLE,L.A.,BEER,,
7336035751,OLD STYLE L.A. BEER,.60467219,10760.422,6483.8999,3819949.841,Oz,OLD,STYLE,L.A.,BEER,,
7336039751,CARLINGS BLK LABEL R,.4318102,773.74274,334.10999,274678.667,Oz,CARLINGS,BLK,LABEL,R,,
7336043333,KINGSBURY NON/ALCOHO,.43215951,3670.7793,1553.71,1303126.699,Oz,KINGSBURY,NON/ALCOHO,,,,
7336043611,KINGSBURY NON/ALCOHO,.60840112,16818.408,9811.3604,5970534.752,Oz,KINGSBURY,NON/ALCOHO,,,,
7336043668,KINGSBURY N/A LONGNE,.64239204,24483.857,15505.34,8691769.92,Oz,KINGSBURY,N/A,LONGNE,,,
7336043751,KINGSBURY NON/ALCOHO,.55981266,14875.054,8189.8799,5280644.14,Oz,KINGSBURY,NON/ALCOHO,,,,
7336050301,SPECIAL EXPORT LIGHT,.50659251,7197.6064,3633,2555150.391,Oz,SPECIAL,EXPORT,LIGHT,,,
7336050611,SPECIAL EXPORT LIGHT,.61920142,83216.328,49346.898,29541797.19,Oz,SPECIAL,EXPORT,LIGHT,,,
7336050660,SPECIAL EXPORT LIGHT,.64488214,113128.38,70765.891,40160576.33,Oz,SPECIAL,EXPORT,LIGHT,,,
7336050662,SPECIAL EXPORT LIGHT,.59077847,15378.886,8717.0801,5459504.674,Oz,SPECIAL,EXPORT,LIGHT,,,
7336050665,SPECIAL EXPORT LIGHT,.60753179,73091.695,42398.359,25947552.26,Oz,SPECIAL,EXPORT,LIGHT,,,
7336050751,SPECIAL EXPORT LIGHT,.68364829,143.95213,97.859993,51103.00781,Oz,SPECIAL,EXPORT,LIGHT,,,
7336068306,OLD STYLE DRY BEER,.44540951,16938.367,7411.9399,6013120.598,Oz,OLD,STYLE,DRY,BEER,,
7336068661,OLD STYLE DRY LONGNE,.56239659,21064.996,11139.84,7478073.494,Oz,OLD,STYLE,DRY,LONGNE,,
7336068741,OLD STYLE DRY BEER,.56989992,5950.0215,3386.8401,2112257.656,Oz,OLD,STYLE,DRY,BEER,,
7336068756,OLD STYLE DRY BEER,.59548819,5242.2568,3117.2197,1861001.202,Oz,OLD,STYLE,DRY,BEER,,
7336077661,SPECIAL EXPORT DARK,.60909927,41314.262,24354.379,14666563.25,Oz,SPECIAL,EXPORT,DARK,,,
7336077663,SPECIAL EXPORT DARK,.63655657,36827.754,22921.25,13073852.85,Oz,SPECIAL,EXPORT,DARK,,,
7336088301,CARLINGS BLK LABEL L,.37470788,47.984043,17.98,17034.33594,Oz,CARLINGS,BLK,LABEL,L,,
7336088751,CARLINGS BLK LABEL L,.42625278,89.970078,38.049999,31939.37988,Oz,CARLINGS,BLK,LABEL,L,,
7336091405,WEINHARDS BOAR'S HEA,.74684691,37343.582,26825.869,13256971.98,Oz,WEINHARDS,BOAR'S,HEA,,,
7336097102,OLD STYLE LT BONUS P,.39928499,37507.527,14975.221,13315172.72,Oz,OLD,STYLE,LT,BONUS,P,
7336097104,OLD STYLE LIGHT 30 P,.35922977,782589.81,259465.25,277819372.3,Oz,OLD,STYLE,LIGHT,30,P,
7336097202,OLD STYLE BEER N.R.B,.49334505,71580.195,33016.508,25410970.66,Oz,OLD,STYLE,BEER,N.R.B,,
7336097301,OLD STYLE LT BONUS 6,.44173959,1458043.1,608981,517605333.3,Oz,OLD,STYLE,LT,BONUS,6,
7336097305,OLD STYLE LT BONUS 6,.34783086,841040.38,283114.25,298569323.9,Oz,OLD,STYLE,LT,BONUS,6,
7336097341,OLD STYLE LIGHT BEER,.57054991,188985.16,105005.9,67089732.15,Oz,OLD,STYLE,LIGHT,BEER,,
7336097343,OLD STYLE LIGHT 30 P,.37485096,951073.75,336747.75,337631184.2,Oz,OLD,STYLE,LIGHT,30,P,
7336097345,OLD STYLE LT BONUS P,.34955901,909697.56,304381.13,322942624.6,Oz,OLD,STYLE,LT,BONUS,P,
7336097347,OLD STYLE BONUS PACK,.31197351,352730.69,110039.46,125219399.8,Oz,OLD,STYLE,BONUS,PACK,,
7336097348,OLD STYLE LIGHT BEER,.5826937,47.984043,27.959999,17034.33594,Oz,OLD,STYLE,LIGHT,BEER,,
7336097356,OLD STYLE LIGHT PART,.34901941,179972.16,60784.699,63890114.4,Oz,OLD,STYLE,LIGHT,PART,,
7336097638,OLD STYLE LIGHT BEER,.5660215,143.95213,81.479996,51103.00781,Oz,OLD,STYLE,LIGHT,BEER,,
7336097661,OLD STYLE LIGHT LONG,.59983873,97269.656,55527.578,34530728.27,Oz,OLD,STYLE,LIGHT,LONG,,
7336097670,OLD STYLE LIGHT BEER,.70523441,18.660461,13.16,6624.463867,Oz,OLD,STYLE,LIGHT,BEER,,
7336097751,OLD STYLE LIGHT BEER,.6071921,177894.84,102556.79,63152671.22,Oz,OLD,STYLE,LIGHT,BEER,,
7336097754,OLD STYLE LIGHT BEER,.52352327,52470.551,25313.279,18627045.87,Oz,OLD,STYLE,LIGHT,BEER,,
7336098621,CHAMPALE PINK N.R.BT,.92280674,19.993351,18.450001,7097.639771,Oz,CHAMPALE,PINK,N.R.BT,,,
7336098671,CHAMPALE EXTRA DRY N,.92280674,11.996011,11.07,4258.583862,Oz,CHAMPALE,EXTRA,DRY,N,,
7336098678,CHAMPALE GOLDEN N R,.92280674,35.988033,33.209999,12775.75159,Oz,CHAMPALE,GOLDEN,N,R,,
7454900020,CARTA BLANCA BEER N.,1.0375671,41.986038,43.629997,14905.04395,Oz,CARTA,BLANCA,BEER,N.,,
7527608060,MOUSSY NON-ALCOHOLIC,.97816658,1753.9167,1712.3101,622640.4526,Oz,MOUSSY,NON-ALCOHOLIC,,,,
7642091111,PYRAMID BEST BROWN A,1.3017963,77.974068,100.87,27680.7959,Oz,PYRAMID,BEST,BROWN,A,,
7642091112,PYRAMID PALE ALE,1.318216,71.976067,94.879997,25551.50391,Oz,PYRAMID,PALE,ALE,,,
7642091117,PYRAMID HEFEWEIZEN,1.3321095,173.94215,231.70999,61749.46777,Oz,PYRAMID,HEFEWEIZEN,,,,
7642091119,PYRAMID APRICOT ALE,1.3321095,149.95013,199.75,53232.2998,Oz,PYRAMID,APRICOT,ALE,,,
7774047999,~SANTA CLAUSS XMAS B,1.6092622,60.479889,83.639999,21470.36047,Oz,~SANTA,CLAUSS,XMAS,B,,
7794202535,WOODPECKER CIDER,1.1653874,203.93219,237.65999,72395.92773,Oz,WOODPECKER,CIDER,,,,
8066094433,ST PAULI GIRL BIG BT,1.2137595,1680.6411,2038.62,596627.6152,Oz,ST,PAULI,GIRL,BIG,BT,
8066095301,PACIFICO N.R. BOTTLE,1.0823206,1895.3698,2035.1199,672856.2695000001,Oz,PACIFICO,N.R.,BOTTLE,,,
8066095401,CORONITA N.R. BOTTLE,1.5444542,314.89532,484.60004,111787.8341,Oz,CORONITA,N.R.,BOTTLE,,,
8066095603,CORONA BIG BTL.,1.18374,7160.4526,8488.0801,2541960.645,Oz,CORONA,BIG,BTL.,,,
8066095605,CORONA EXTRA BEER NR,.96648461,1108713.4,1028249.3,393593238.1,Oz,CORONA,EXTRA,BEER,NR,,
8066095615,CORONA EXTRA BEER NR,.94778055,466980.72,421568.94,165778157.8,Oz,CORONA,EXTRA,BEER,NR,,
8066095625,CORONA EXTRA LIGHT N,.95597613,168639.92,156235.14,59867173.76,Oz,CORONA,EXTRA,LIGHT,N,,
8066095755,MODELO ESPECIAL,.98950469,6471.8481,6268.21,2297506.058,Oz,MODELO,ESPECIAL,,,,
8066095765,MODELO ESPECIAL,.99866527,371.87634,371.38,132016.1035,Oz,MODELO,ESPECIAL,,,,
8066095785,MODELO NEGRA N.R.BOT,.96659184,21472.859,20376.68,7622865.353,Oz,MODELO,NEGRA,N.R.BOT,,,
8066095855,PERONI BEER,1.3269225,2189.272,2907.55,777191.5771,Oz,PERONI,BEER,,,,
8066095935,ST PAULI GIRL BEER N,1.0071677,205143.78,192835.05,72826044.84999999,Oz,ST,PAULI,GIRL,BEER,N,
8066095937,ST PAULI GIRL LAGER,.94357115,34440.547,31394.279,12226394.66,Oz,ST,PAULI,GIRL,LAGER,,
8066095945,ST PAULI GIRL DK BEE,.96566218,13111.64,12150.739,4654632.297,Oz,ST,PAULI,GIRL,DK,BEE,
8087201512,WEINHARDS PALE ALE W,.73339283,6849.7222,4878.8296,2431651.46,Oz,WEINHARDS,PALE,ALE,W,,
8178012111,NAKED ASPEN RASP WHE,1.1653874,401.86636,468.32999,142662.5635,Oz,NAKED,ASPEN,RASP,WHE,,
8178012121,NAKED ASPEN PALE ALE,1.1653874,221.92619,258.63,78783.80370999999,Oz,NAKED,ASPEN,PALE,ALE,,
8178012141,NAKED ASPEN HONEY WH,1.1653874,287.90427,335.51999,102206.0156,Oz,NAKED,ASPEN,HONEY,WH,,
8178051239,COLD SPRING PALE ALE,.89481723,1085.639,959.68994,385401.8506,Oz,COLD,SPRING,PALE,ALE,,
8178052250,COLD SPRINGS RIVER R,.90404749,1259.5812,1134.3999,447151.3184,Oz,COLD,SPRINGS,RIVER,R,,
8205410441,WARSTEINER GERMAN BE,.94067502,161.94615,153.73,57490.88379,Oz,WARSTEINER,GERMAN,BE,,,
8205410444,WARSTEINER GERMAN BE,.93461168,104335.3,95155.055,37039034.28,Oz,WARSTEINER,GERMAN,BE,,,
8205410665,WARSTEINER LIGHT (GE,.90084571,3352.885,2965.3699,1190274.225,Oz,WARSTEINER,LIGHT,(GE,,,
8205430441,WARSTEINER GERMAN BE,1.2139226,3964.5483,4794.0498,1407414.683,Oz,WARSTEINER,GERMAN,BE,,,
8205480441,WARSTEINER,.86779469,22072.66,18352.449,7835794.529,Oz,WARSTEINER,,,,,
8239300039,DIXIE BLACKENED VOOD,1.1653874,353.88232,412.40997,125628.2275,Oz,DIXIE,BLACKENED,VOOD,,,
8248800009,BECKS REGULAR BEER,1.0895649,85557.953,91658.492,30373072.64,Oz,BECKS,REGULAR,BEER,,,
8248812300,BECK'S REG BEER NR B,.95763379,506363.63,461657.72,179759088.9,Oz,BECK'S,REG,BEER,NR,B,
8248812345,BECK'S REG BEER NR B,.97683167,1383368,1261322.1,491095647.4,Oz,BECK'S,REG,BEER,NR,B,
8248812356,BECK'S DARK BEER NR',.96377647,353594.41,325117.88,125526021.8,Oz,BECK'S,DARK,BEER,NR',,
8248812400,BECKS DARK,1.0588136,4810.4004,4748.9902,1707692.188,Oz,BECKS,DARK,,,,
8248812500,BECK'S LIGHT NR BTLS,.89697486,3790.7395,3365.5798,1345712.541,Oz,BECK'S,LIGHT,NR,BTLS,,
8248812650,BECK'S DARK BEER BAM,1.1206607,12618.555,13875.09,4479586.922,Oz,BECK'S,DARK,BEER,BAM,,
8248812700,HAACK-BECK NON-ALCHL,1.067212,56291.281,59346,19983405.37,Oz,HAACK-BECK,NON-ALCHL,,,,
8248812830,BECK'S LIGHT NR BTLS,.94228923,152019.45,137658.91,53966905.62,Oz,BECK'S,LIGHT,NR,BTLS,,
8248812910,BECK'S OKTOBERFEST B,1.0311761,34248.613,33554.219,12158257.27,Oz,BECK'S,OKTOBERFEST,B,,,
8248812920,BECK'S OKTOBERFEST B,1.1653874,29.990026,34.950001,10646.45996,Oz,BECK'S,OKTOBERFEST,B,,,
8328000001,GUINESS STOUT,1.3644356,9797.334,13069.899,3478053.539,Oz,GUINESS,STOUT,,,,
8332600020,YOUNGS SPECIAL LONDO,1.6655536,71.976067,119.87998,25551.50391,Oz,YOUNGS,SPECIAL,LONDO,,,
8370601415,DUVEL BELGIUM SPECIA,1.5821925,47.984043,75.919998,17034.33594,Oz,DUVEL,BELGIUM,SPECIA,,,
8374100005,GROLSCH BEER N.R.BTL,1.0603524,52614.504,54940.41,18678149.36,Oz,GROLSCH,BEER,N.R.BTL,,,
8374100007,GROLSCH SWING TOP BE,1.4132688,9538.1621,13010.67,3386047.39,Oz,GROLSCH,SWING,TOP,BE,,
8378337521,SIERRA NEVADA PALE A,1.060405,80793.133,84256.305,28681563.16,Oz,SIERRA,NEVADA,PALE,A,,
8378347521,SIERRA NEVADA PORTER,1.0492393,6507.8359,6769.6299,2310281.811,Oz,SIERRA,NEVADA,PORTER,,,
8378357521,SIERRA NEVADA STOUT,1.0485287,7029.6626,7319.4199,2495530.215,Oz,SIERRA,NEVADA,STOUT,,,
8380404468,SANTE WHITE NON ALCO,2.1686966,1753.5212,3796.3801,622500,ML,SANTE,WHITE,NON,ALCO,,
8380404469,SANTE SPRKLNG NON AL,3.0252678,1609.8593,4847.5801,571500,ML,SANTE,SPRKLNG,NON,AL,,
8380404545,SANTE BLUSH NON ALCO,2.1728549,2214.0845,4820.3999,786000,ML,SANTE,BLUSH,NON,ALCO,,
8382007131,BASS ALE NR BTLS,1.1785576,254303.44,290537.16,90277722.03,Oz,BASS,ALE,NR,BTLS,,
8382007331,BASS ALE KING SIZE B,1.3754396,24430.209,31925.039,8672724.219000001,Oz,BASS,ALE,KING,SIZE,B,
8382007531,BASS ALE NR BTL,1.1224102,5434.1929,5985.4302,1929138.545,Oz,BASS,ALE,NR,BTL,,
8382008131,COUNTRY CHASE ALE,1.2487484,893.70282,1116.01,317264.5078,Oz,COUNTRY,CHASE,ALE,,,
8382012360,GUINNESS PUB DRAUGHT,1.2087753,84271.977,100472.6,29916552.79,Oz,GUINNESS,PUB,DRAUGHT,,,
8382012393,GUINNESS STOUT N.R.B,1.2674755,264560.03,323556.06,93918811.28,Oz,GUINNESS,STOUT,N.R.B,,,
8382012455,GUINESS STOUT,1.5269698,17850.322,26000.139,6336864.609,Oz,GUINESS,STOUT,,,,
8382023471,HARP IRISH LAGER BTL,1.3701297,7168.8496,9617.1699,2544941.604,Oz,HARP,IRISH,LAGER,BTL,,
8382023473,HARP LAGER NR BTLS,1.1211511,154856.5,167119.42,54974060.74,Oz,HARP,LAGER,NR,BTLS,,
8382056793,RED STRIPE N.R. BTLS,1.1336124,30349.908,33740.918,10774217.49,Oz,RED,STRIPE,N.R.,BTLS,,
8382072553,KALIBER NON-ALCH NR,.81866068,106746.5,86179.32,37895009.66,Oz,KALIBER,NON-ALCH,NR,,,
8417323130,BERGHOFF RED BEER,.76210505,33858.742,23968.85,12019853.31,Oz,BERGHOFF,RED,BEER,,,
8417324130,AUGSBURGER REG BEER,.6127066,75286.969,44153.867,26726873.18,Oz,AUGSBURGER,REG,BEER,,,
8417324132,BERGHOFF OCTOBERFEST,.7614032,4240.5898,3198.4299,1505409.444,Oz,BERGHOFF,OCTOBERFEST,,,,
8417325130,AUGSBURGER DARK BEER,.60277337,28634.479,16397.061,10165240,Oz,AUGSBURGER,DARK,BEER,,,
8417327130,AUGSBURGER LIGHT BEE,.58951002,19541.502,10956.72,6937233.32,Oz,AUGSBURGER,LIGHT,BEE,,,
8417330130,BERGHOFF REGULAR BEE,.65708512,596453.69,354465.34,211741054.8,Oz,BERGHOFF,REGULAR,BEE,,,
8417331130,BERGHOFF DARK BEER N,.65442181,275764.31,165660.44,97896328.83,Oz,BERGHOFF,DARK,BEER,N,,
8417332130,BERGHOFF BOCK BEER N,.72966951,16650.463,11997.899,5910914.584,Oz,BERGHOFF,BOCK,BEER,N,,
8500000168,HORNSBY'S DRAFT CIDE,1.0711002,72030.047,76597.984,25570667.57,Oz,HORNSBY'S,DRAFT,CIDE,,,
8500000320,HORNSBYS DARK N DRY,1.0702751,26661.135,28371.039,9464702.911,Oz,HORNSBYS,DARK,N,DRY,,
8520000100,SUTTER HOME FRE' WHT,2.1576636,33593.664,70654.781,11925750,ML,SUTTER,HOME,FRE',WHT,,
8520000101,SUTTER HOME FRE' CHA,2.3280649,25761.973,59045.699,9145500,ML,SUTTER,HOME,FRE',CHA,,
8520000104,SUTTER HOME RED FRE,2.3853042,2666.1973,6174.2202,946500,ML,SUTTER,HOME,RED,FRE,,
8520000105,SUTTER HOME FRE' SPR,2.4400091,8514.085,20492.609,3022500,ML,SUTTER,HOME,FRE',SPR,,
8549800005,PETE'S WICKED ALE,1.1021955,7484.8447,8024.4302,2657119.858,Oz,PETE'S,WICKED,ALE,,,
8549811113,PETES WICKED STRAW B,.99041337,7743.4248,7659.3896,2748915.963,Oz,PETES,WICKED,STRAW,B,,
8549812345,PETE'S HOLIDAY SAMPL,1.156556,2615.1304,3022.8201,928371.3125,Oz,PETE'S,HOLIDAY,SAMPL,,,
8549822223,PETES WICKED MULTI G,.98664206,941.68683,929.92999,334298.8428,Oz,PETES,WICKED,MULTI,G,,
8549833332,PETES WICKED PALE AL,.99103928,4240.5898,4198.3999,1505409.439,Oz,PETES,WICKED,PALE,AL,,
8549844442,PETES WICKED OKTOBER,.99379778,11126.3,10870.979,3949836.639,Oz,PETES,WICKED,OKTOBER,,,
8549845670,PETE'S SEASONAL BREW,.8942647,40708.465,35430.93,14451504.79,Oz,PETE'S,SEASONAL,BREW,,,
8549855552,PETES WICKED MAPLE P,.99211317,3364.8811,3334.8699,1194532.808,Oz,PETES,WICKED,MAPLE,P,,
8549866662,PETE'S SEASONAL BREW,.94339454,7545.4907,7016.6196,2678649.329,Oz,PETE'S,SEASONAL,BREW,,,
8549873401,PETE'S WICKED HONEY,.91630536,28976.365,26033.57,10286609.63,Oz,PETE'S,WICKED,HONEY,,,
8549873736,PETE'S WICKED LAGER,.91140872,8415.2021,7538.1699,2987396.671,Oz,PETE'S,WICKED,LAGER,,,
8549873837,PETE'S WICKED ALE,.9131602,106488.59,94890.422,37803450.11,Oz,PETE'S,WICKED,ALE,,,
8549873942,PETE'S WICKED SEASON,.95002872,37529.52,35341.801,13322980.04,Oz,PETE'S,WICKED,SEASON,,,
8549874011,PETE'S WICKED RED,.91160613,26481.193,23803.869,9400824.147,Oz,PETE'S,WICKED,RED,,,
8572501501,SAMUEL SMITH PALE AL,1.9989978,5.9980054,11.99,2129.291992,Oz,SAMUEL,SMITH,PALE,AL,,
8572501503,SAMUEL SMITH NUT BRO,1.6655536,29.990026,49.949993,10646.45996,Oz,SAMUEL,SMITH,NUT,BRO,,
8572511509,SAM SMITH OATMEAL ST,1.3862941,53.982048,44.709999,19163.62793,Oz,SAM,SMITH,OATMEAL,ST,,
8590200015,DOS EQUIS BEER,.93197644,11.996011,11.179999,4258.583984,Oz,DOS,EQUIS,BEER,,,
8739699916,BLACK DOG ALE,.91512364,6279.9116,5642.52,2229368.718,Oz,BLACK,DOG,ALE,,,
8739699922,BLACK DOG PALE ALE,1.1259357,775.24225,870.37,275210.9947,Oz,BLACK,DOG,PALE,ALE,,
8739699938,BLACK DOG HONEY RASP,.92886299,1979.3418,1828.2,702666.3584,Oz,BLACK,DOG,HONEY,RASP,,
8769210012,SAMUEL ADAMS LAGER N,.90183264,1301135.4,1134982,461903054.3,Oz,SAMUEL,ADAMS,LAGER,N,,
8769210014,SAMUEL ADAMS LAGERNR,.90981311,318014.25,274388.72,112895061.6,Oz,SAMUEL,ADAMS,LAGERNR,,,
8769210508,SAMUEL ADAMS WINTER,1.1779872,14363.224,16609.02,5098944.418,Oz,SAMUEL,ADAMS,WINTER,,,
8769211216,SAMUEL ADAMS LAGER K,1.119832,13196.812,14218.45,4684868.236,Oz,SAMUEL,ADAMS,LAGER,K,,
8769220012,SAM ADAMS LIGHTSHIP,.94443387,6225.9297,5815.5996,2210205.089,Oz,SAM,ADAMS,LIGHTSHIP,,,
8769226102,SAMUEL ADAMS SCOTCH,.92984384,55415.574,50395.969,19672528.74,Oz,SAMUEL,ADAMS,SCOTCH,,,
8769227102,SAM ADAMS CHERRY WHE,1.0777507,33426.887,35865.18,11866544.29,Oz,SAM,ADAMS,CHERRY,WHE,,
8769227200,SAM ADAMS CHERRY WHE,1.2466872,335.38849,417.20999,119062.9118,Oz,SAM,ADAMS,CHERRY,WHE,,
8769228102,SAM ADAMS OLD FEZZIW,1.1064789,7893.3755,8581.9004,2802148.266,Oz,SAM,ADAMS,OLD,FEZZIW,,
8769228400,SAMUEL ADAMS OLD FEZ,1.0673949,758.0813,806.46002,269118.8605,Oz,SAMUEL,ADAMS,OLD,FEZ,,
8769229103,SAM ADAMS WINTER CLA,.99832892,9548.8252,9538.04,3389832.852,Oz,SAM,ADAMS,WINTER,CLA,,
8769230030,SAMUEL ADAMS BOSTON,.91492712,200663.28,177522.81,71235463.8,Oz,SAMUEL,ADAMS,BOSTON,,,
8769230040,SAMUEL ADAMS OCTOBER,1.0059968,165592.94,161234.66,58785493.53,Oz,SAMUEL,ADAMS,OCTOBER,,,
8769230060,SAMUEL ADAMS LAGER N,.83194321,107.9641,89.819992,38327.25586,Oz,SAMUEL,ADAMS,LAGER,N,,
8769231022,SAMUEL ADAMS SEASONA,.90973419,342.71939,311.25,121665.3807,Oz,SAMUEL,ADAMS,SEASONA,,,
8769232022,SAMUEL ADAMS BOSTON,1.0792958,1733.7568,1795.83,615483.6886,Oz,SAMUEL,ADAMS,BOSTON,,,
8769239102,SAMUEL ADAMS GOLDEN,.93320614,103447.6,93876.602,36723899.06,Oz,SAMUEL,ADAMS,GOLDEN,,,
8769240020,SAMUEL ADAMS CREAM S,.9381094,65696.156,60355.098,23322135.2,Oz,SAMUEL,ADAMS,CREAM,S,,
8769240501,SAMUEL ADAMS HONEY P,.90247822,146495.28,129079.46,52005827.79,Oz,SAMUEL,ADAMS,HONEY,P,,
8769241022,SAMUEL ADAMS CREAM S,1.0917901,2455.8501,2614.1499,871826.79,Oz,SAMUEL,ADAMS,CREAM,S,,
8769241102,SAMUEL ADAMS SEASONA,1.1534389,713.76263,824.77997,253385.7471,Oz,SAMUEL,ADAMS,SEASONA,,,
8769241103,SAMUEL ADAMS SEASONA,.9994989,23.992022,23.98,8517.167969,Oz,SAMUEL,ADAMS,SEASONA,,,
8769241522,SAMUEL ADAMS HONEY P,1.0903658,3375.8774,3602.4199,1198436.528,Oz,SAMUEL,ADAMS,HONEY,P,,
8769250040,SAMUEL ADAMS SEASONA,1.0802661,18095.982,18820.9,6424073.959,Oz,SAMUEL,ADAMS,SEASONA,,,
8769251216,SAMUEL ADAMS CRNBRY,1.1011013,665.77863,730.02002,236351.4121,Oz,SAMUEL,ADAMS,CRNBRY,,,
8769280102,HARD CORE APPLE CRAN,1.1653874,11.996011,13.98,4258.583984,Oz,HARD,CORE,APPLE,CRAN,,
8769281102,HARD CORE CRISP HARD,1.1653874,35.988033,41.939999,12775.75195,Oz,HARD,CORE,CRISP,HARD,,
8769290102,LONGSHOT AMERICAN PA,1.044073,4456.5181,4649.0298,1582063.95,Oz,LONGSHOT,AMERICAN,PA,,,
8769291100,LONGSHOT BLACK LAGER,1.0820264,41.986038,45.43,14905.04395,Oz,LONGSHOT,BLACK,LAGER,,,
8769291102,LONGSHOT BLACK LAGER,1.0434725,2987.0066,3109.48,1060387.412,Oz,LONGSHOT,BLACK,LAGER,,,
8769292100,LONGSHOT HAZELNUT BR,1.0627892,89.970078,95.849998,31939.37988,Oz,LONGSHOT,HAZELNUT,BR,,,
8769292102,LONGSHOT HAZELNUT BR,1.0443054,6075.9795,6328.3696,2156972.788,Oz,LONGSHOT,HAZELNUT,BR,,,
8780000004,COORS CAN,.46664813,6392.8745,2897.3301,2269470.405,Oz,COORS,CAN,,,,
8780000005,COORS LIGHT,.47143734,8482.1797,3922.3899,3011173.789,Oz,COORS,LIGHT,,,,
8797501350,SAPPORO DRAFT BEER N,.94877839,17508.178,16409.1,6215403.328,Oz,SAPPORO,DRAFT,BEER,N,,
8797502650,SAPPORO DRAFT BEER C,1.0945138,40343.754,42947.75,14322032.16,Oz,SAPPORO,DRAFT,BEER,C,,
8797511350,SAPPORO DRY BEER NR,.93197644,1445.5193,1347.1899,513159.3701,Oz,SAPPORO,DRY,BEER,NR,,
8813040389,LITTLE KINGS CRM ALE,.77368659,37409.559,28303.789,13280393.8,Oz,LITTLE,KINGS,CRM,ALE,,
8813041888,LITTLE KINGS CREAM A,.41713867,63.312275,26.41,22475.85889,Oz,LITTLE,KINGS,CREAM,A,,
8834510002,MCEWANS SCOTCH ALE N,1.2413931,1877.3757,2324.3699,666468.3936,Oz,MCEWANS,SCOTCH,ALE,N,,
8834510005,NEWCASTLE BROWN ALE,1.2308297,12481.85,15233.79,4431056.643,Oz,NEWCASTLE,BROWN,ALE,,,
8834510050,MCEWANS SCOTCH ALE N,1.3321095,5.9980054,7.9899998,2129.291992,Oz,MCEWANS,SCOTCH,ALE,N,,
8839400002,SPATEN PREMIUM LAGER,1.1653874,1835.3896,2138.9399,651563.3506,Oz,SPATEN,PREMIUM,LAGER,,,
8839400004,SPATEN SPECIAL DARK,1.1653874,1055.6489,1230.24,374755.3906,Oz,SPATEN,SPECIAL,DARK,,,
8839400006,SPATEN OKTOBERFEST,.99866527,653.78259,652.90997,232092.8262,Oz,SPATEN,OKTOBERFEST,,,,
8839400017,FRANZISKANER HEFE-WE,1.2316881,13142.422,16234.49,4665559.668,Oz,FRANZISKANER,HEFE-WE,,,,
8873320622,POINT BOCK BEER,.70356721,131.95612,91.379997,46844.42383,Oz,POINT,BOCK,BEER,,,
8873320641,POINT BEER LNNR BTLS,.68662328,91853.453,60642.32,32607977.65,Oz,POINT,BEER,LNNR,BTLS,,
8873320648,POINT PALE ALE,.72484159,1127.625,803.10999,400306.8945,Oz,POINT,PALE,ALE,,,
8885700060,SUNTORY DRY BEER NR,.91530424,125.95811,115.28999,44715.13184,Oz,SUNTORY,DRY,BEER,NR,,
8912181002,ARIEL WHITE NON ALCH,2.3535962,1170.4226,2764.76,415500,ML,ARIEL,WHITE,NON,ALCH,,
8912183002,$ARIEL NA CHARDONNAY,3.4988217,1690.1409,5907.5,600000,ML,$ARIEL,NA,CHARDONNAY,,,
8912184002,$ARIEL NA WHITE ZINF,2.9242632,4472.5352,13050.73,1587750,ML,$ARIEL,NA,WHITE,ZINF,,
8912185002,ARIEL CABERNET SAUVI,3.5877209,5575.3521,19973.65,1979250,ML,ARIEL,CABERNET,SAUVI,,,
8920000826,TECATE BEER,.96532089,299.90027,289.5,106464.5996,Oz,TECATE,BEER,,,,
8928600008,TECATE BEER,.96532089,11.996011,11.58,4258.583984,Oz,TECATE,BEER,,,,
8952341503,COOPERS STOUT,1.1086675,809.73071,888.14996,287454.4189,Oz,COOPERS,STOUT,,,,
8954019937,DOUBLE DIAMOND BEER,1.2487484,1463.5133,1827.5599,519547.2461,Oz,DOUBLE,DIAMOND,BEER,,,
8954031104,ST PAULI GIRL BEER N,1.0411317,39041.02,39080.508,13859561.58,Oz,ST,PAULI,GIRL,BEER,N,
8954031108,ST PAULI GIRL DK BEE,1.0171263,7485.5107,7376.8896,2657356.405,Oz,ST,PAULI,GIRL,DK,BEE,
8982600009,TECATE BEER CANS,.91460568,37115.656,31426.408,13176058.87,Oz,TECATE,BEER,CANS,,,
8982600041,TECATE BEER,.96397787,1025.6589,987.47998,364108.9307,Oz,TECATE,BEER,,,,
8982600200,CARTA BLANCA BEER N.,1.0295397,179.94016,185.39999,63878.75977,Oz,CARTA,BLANCA,BEER,N.,,
8982600600,WATNEY'S RED,1.2920167,1751.4176,2202.5798,621753.2637,Oz,WATNEY'S,RED,,,,
8982650001,TECATE N.R. BTLS,.88607085,45069.012,38350.98,15999500.05,Oz,TECATE,N.R.,BTLS,,,
8982660001,CARTA BLANCA N.R. BT,.99374944,4624.4624,4472.4697,1641684.126,Oz,CARTA,BLANCA,N.R.,BT,,
8982670001,BOHEMIA N.R. BOTTLES,1.0390027,6783.7441,6913.1899,2408229.241,Oz,BOHEMIA,N.R.,BOTTLES,,,
8982690002,TECATE / 4 WRAPPED 6,.59781075,10340.562,5915.9199,3670899.395,Oz,TECATE,/,4,WRAPPED,6,
8982690027,TECATE LIGHT N.R. BT,.80867964,695.76862,556.83997,246997.8711,Oz,TECATE,LIGHT,N.R.,BT,,
8982690090,TECATE LIGHT CANS,.92479092,419.86038,377.28,149050.4395,Oz,TECATE,LIGHT,CANS,,,
9067200001,BEER OF AMERICA SAMP,1.6495483,69.976738,112.93001,24841.74048,Oz,BEER,OF,AMERICA,SAMP,,
9200000013,OLD MILWAUKEE ICE,.39846578,23.992022,9.5599995,8517.167969,Oz,OLD,MILWAUKEE,ICE,,,
9200000206,OLD MILWAUKEE ICE,.3727532,2207.2661,796.51996,783579.4531,Oz,OLD,MILWAUKEE,ICE,,,
9200000207,RED RIVER LAGER,.83194321,161.94615,134.73,57490.88379,Oz,RED,RIVER,LAGER,,,
9530113001,ROGUE ALE,1.4988315,17.994017,26.969999,6387.875977,Oz,ROGUE,ALE,,,,
9530113008,ROGUE ALE,1.4988315,41.986038,62.93,14905.04395,Oz,ROGUE,ALE,,,,
9530113017,ROGUE DEAD GUY ALE,2.4499052,60.479893,148.17,21470.36115,Oz,ROGUE,DEAD,GUY,ALE,,
9530113027,ROGUE HAZELNUT BROWN,2.4499052,20.159964,49.389996,7156.787048,Oz,ROGUE,HAZELNUT,BROWN,,,
9530113100,ROGUE AMERICAN AMBER,.99866527,65.978058,65.889999,23422.21191,Oz,ROGUE,AMERICAN,AMBER,,,
9530113103,ROGUE OREGON ALE,.99866527,29.990026,29.949999,10646.45996,Oz,ROGUE,OREGON,ALE,,,
9651312352,DUSSELDORFER PALE AL,1.1653874,65.978058,76.889999,23422.21191,Oz,DUSSELDORFER,PALE,AL,,,
9651312353,DUSSELDORFER AMBER A,1.1653874,119.96011,139.79999,42585.83984,Oz,DUSSELDORFER,AMBER,A,,,
9651312357,DUSSELDORFER DARK AL,1.1653874,41.986038,48.93,14905.04395,Oz,DUSSELDORFER,DARK,AL,,,
9709631767,OREGON BREWERY INDIA,.83194321,17.994017,14.969999,6387.875977,Oz,OREGON,BREWERY,INDIA,,,
9781611110,CHICAGO'S LEGACY LAG,.93197644,11.996011,11.179999,4258.583984,Oz,CHICAGO'S,LEGACY,LAG,,,
9781611111,LEGACY LAGER BEER,.9164272,14539.165,13107.89,5161403.793,Oz,LEGACY,LAGER,BEER,,,
9781622222,LEGACY RED ALE,1.0820264,137.95413,149.27,48973.71582,Oz,LEGACY,RED,ALE,,,
9781644444,BIG SHOULDERS BEER,1.0820264,143.95213,155.75999,51103.00781,Oz,BIG,SHOULDERS,BEER,,,
9893110006,BADERBRAU BEER NR BT,.95738101,189213.08,172548.86,67170645.27,Oz,BADERBRAU,BEER,NR,BT,,
9893110007,BADERBRAU BOCK,.96684515,11702.108,11015.33,4154248.682,Oz,BADERBRAU,BOCK,,,,
9893110017,BADERBRAU BOCK,.97365701,11.996011,11.68,4258.583984,Oz,BADERBRAU,BOCK,,,,
60260010000,LEZAJSK LAGER BEER,1.0693729,10127.033,10822.811,3595096.658,Oz,LEZAJSK,LAGER,BEER,,,
60272500010,MURPHYS IRSH DRAUGHT,1.4134876,902.44159,1275.59,320366.7642,Oz,MURPHYS,IRSH,DRAUGHT,,,
60272500017,MURPHYS IRSH AMBER (,1.0781264,3700.7693,3983.8298,1313773.159,Oz,MURPHYS,IRSH,AMBER,(,,
71960700003,RHINO CHASERS LAGER,.94702876,1217.5951,1139.45,432246.2744,Oz,RHINO,CHASERS,LAGER,,,
71960700004,RHINO CHASERS LAGER,.95698476,101.96609,97.329994,36197.96387,Oz,RHINO,CHASERS,LAGER,,,
71960700011,RHINO CHASERS AMERIC,.99866527,17.994017,17.969999,6387.875977,Oz,RHINO,CHASERS,AMERIC,,,
71969380011,BEERS OF THE WORLD G,1.26148,5358.2183,6706.3003,1902167.459,Oz,BEERS,OF,THE,WORLD,G,
71975120103,MORETTI N.R. BTLS,1.1544546,15774.754,17105,5600037.945,Oz,MORETTI,N.R.,BTLS,,,
73321001102,DEVIL MOUNTAIN FIVE,.93339729,4156.6177,3806.5598,1475599.352,Oz,DEVIL,MOUNTAIN,FIVE,,,
73321002102,DEVIL MTN RAILROAD G,.93543291,2885.0405,2642.6899,1024189.448,Oz,DEVIL,MTN,RAILROAD,G,,
73321003102,DEVIL MOUNTAIN BLK H,.93652344,2585.1404,2391.6899,917724.8486,Oz,DEVIL,MOUNTAIN,BLK,H,,
73588811206,CELIS WHITE ALE,1.18819,7317.5664,8699.9697,2597736.23,Oz,CELIS,WHITE,ALE,,,
73588821206,CELIS PALE BOCK,1.1898466,1139.621,1356.6,404565.4785,Oz,CELIS,PALE,BOCK,,,
73588841206,CELIS GRAND CRU ALE,1.1922992,1853.3837,2209.9099,657951.2256,Oz,CELIS,GRAND,CRU,ALE,,
73588851206,CELIS RASPBERRY,1.1954107,4990.3403,5973.6597,1771570.938,Oz,CELIS,RASPBERRY,,,,
73692011111,GOOSE ISLAND HONKERS,.92928112,174847.86,158359.64,62070991.12,Oz,GOOSE,ISLAND,HONKERS,,,
73692011115,GOOSE ISLAND KILGUBB,.95340389,21898.719,20638.869,7774045.078,Oz,GOOSE,ISLAND,KILGUBB,,,
73692011118,GOOSE ISLAND SEASONA,.90986913,36785.77,32188.35,13058947.81,Oz,GOOSE,ISLAND,SEASONA,,,
73692011121,GOOSE ISLAND HEXNUT,.99500453,27572.832,27344.389,9788355.305,Oz,GOOSE,ISLAND,HEXNUT,,,
73692011122,GOOSE ISLAND SEASONA,.97470218,23068.33,22523.43,8189257.014,Oz,GOOSE,ISLAND,SEASONA,,,
73692011125,GOOSE ISLAND BLONDE,.99837333,3352.885,3343.8499,1190274.226,Oz,GOOSE,ISLAND,BLONDE,,,
74305820299,STATE STREET AMBER A,.91368461,79581.539,71253.898,28251446.21,Oz,STATE,STREET,AMBER,A,,
74305821299,STATE STREET MIDNIGH,.89339137,22204.617,19515.42,7882638.958,Oz,STATE,STREET,MIDNIGH,,,
74305822299,STATE STREET SPEAKEA,.8968364,29732.113,26168.65,10554900.42,Oz,STATE,STREET,SPEAKEA,,,
75089900001,DORTMUNDER BEER,1.2487484,5.9980054,7.4899998,2129.291992,Oz,DORTMUNDER,BEER,,,,
75889620100,KOZEL PREMIUM CZECH,1.3896127,4592.4561,6356.7998,1630321.979,Oz,KOZEL,PREMIUM,CZECH,,,
76227405870,MURPHY'S IRISH STOUT,1.1828247,2780.4089,3176.8999,987045.1162,Oz,MURPHY'S,IRISH,STOUT,,,
76810940359,TENNENTS LAGER,1.3058352,4105.6348,5241.3296,1457500.366,Oz,TENNENTS,LAGER,,,,
78036971960,SHIPYARD EXPORT ALE,1.199234,3238.9229,3897.0999,1149817.677,Oz,SHIPYARD,EXPORT,ALE,,,
78036991902,SHIPYARD GOAT ISLAND,1.1961516,569.81049,682.04999,202282.7393,Oz,SHIPYARD,GOAT,ISLAND,,,
78036991904,SHIPYARD BLUE FIN ST,1.1974926,1001.6669,1200.83,355591.7627,Oz,SHIPYARD,BLUE,FIN,ST,,
78036991907,SHIPYARD GOAT ISLAND,1.2116991,431.85638,524.27997,153309.0234,Oz,SHIPYARD,GOAT,ISLAND,,,
78036991993,SHIPYARD OLD THUMPER,1.2125045,2735.0906,3314.4399,970957.1483999999,Oz,SHIPYARD,OLD,THUMPER,,,
78146821155,BLUE RIDGE-WHEAT,1.1468627,125.95811,144.78999,44715.13184,Oz,BLUE,RIDGE-WHEAT,,,,
78146839357,BLUE RIDGE AMBER LAG,1.1495091,131.95612,151.78,46844.42383,Oz,BLUE,RIDGE,AMBER,LAG,,
78146840193,BLUE RIDGE GOLDEN AL,1.1601774,233.92221,271.60999,83042.38770000001,Oz,BLUE,RIDGE,GOLDEN,AL,,
79067200001,BEER OF AMERICA SAMP,1.4956673,10796.41,15382.2,3832725.608,Oz,BEER,OF,AMERICA,SAMP,,
79709631767,OREGON BREWERY INDIA,.89629781,49801.441,43611.359,17679511.47,Oz,OREGON,BREWERY,INDIA,,,
79709633767,OREGON HEFEWEIZEN,.99866527,485.83844,485.18997,172472.6514,Oz,OREGON,HEFEWEIZEN,,,,
79709634767,OREGON BREWERY NUTBR,.88942069,35622.156,31001.029,12645865.17,Oz,OREGON,BREWERY,NUTBR,,,
79709635767,OREGON RASPBERRY WHE,.90706044,51594.844,45815.168,18316169.74,Oz,OREGON,RASPBERRY,WHE,,,
79709636767,OREGON HONEY RED ALE,.89179391,22744.438,19892.879,8074275.243,Oz,OREGON,HONEY,RED,ALE,,
79709637102,OREGON BLACKBERRY PO,.91905046,4288.5737,3876.2898,1522443.774,Oz,OREGON,BLACKBERRY,PO,,,
79709638102,OREGON SUMMER GOLD,.99739367,1073.6429,1065.1,381143.2666,Oz,OREGON,SUMMER,GOLD,,,
